rfreq,timeindays
0.3223477898931329,0
0.32234617580612696,1
0.322344573074536,2
0.32234298156708663,3
0.3223414011511984,4
0.322339831693483,5
0.322338273059753,6
0.3223367251150214,7
0.32233518772350217,8
0.32233366074860964,9
0.32233214405295846,10
0.32233063749836366,11
0.32232914094584064,12
0.32232765425604754,13
0.32232617738552266,14
0.32232471025089027,15
0.3223232526884038,16
0.32232180453524184,17
0.3223203656295083,18
0.3223189358102321,19
0.3223175149173672,20
0.3223161027917924,21
0.32231469927531115,22
0.32231330421065124,23
0.322311917441465,24
0.322310538812329,25
0.3223091681687439,26
0.3223078053571342,27
0.32230645022484844,28
0.3223051026201587,29
0.3223037623922608,30
0.32230242939127385,31
0.32230110346824054,32
0.3222997844751266,33
0.3222984722648209,34
0.3222971666911354,35
0.32229586760880485,36
0.32229457487348695,37
0.322293288341762,38
0.3222920078711328,39
0.32229073332002467,40
0.32228946454778534,41
0.3222882014146849,42
0.3222869437819156,43
0.32228569151159164,44
0.3222844444667495,45
0.3222832025113473,46
0.3222819655102651,47
0.32228073332930485,48
0.32227950583519005,49
0.3222782828955658,50
0.3222770643789988,51
0.32227585015497695,52
0.3222746400939097,53
0.32227343406712794,54
0.32227223194688337,55
0.3222710336063492,56
0.32226983891961947,57
0.32226864776170944,58
0.3222674600085553,59
0.32226627553701376,60
0.3222650942248628,61
0.322263915950801,62
0.3222627405944476,63
0.32226156803634254,64
0.3222603981579463,65
0.3222592308416399,66
0.32225806597072476,67
0.3222569034294229,68
0.3222557431028767,69
0.32225458487714864,70
0.3222534286392216,71
0.32225227427699876,72
0.3222511216793033,73
0.3222499707358788,74
0.3222488213373887,75
0.32224767337541643,76
0.32224652674246573,77
0.32224538133195996,78
0.3222442370382426,79
0.322243093756577,80
0.32224195138314615,81
0.3222408098150531,82
0.3222396689503206,83
0.3222385286878908,84
0.3222373889276261,85
0.3222362495703081,86
0.3222351105176382,87
0.32223397167223755,88
0.32223283293764643,89
0.322231694218325,90
0.3222305554196528,91
0.32222941644792885,92
0.3222282772103715,93
0.3222271376151186,94
0.32222599757122733,95
0.3222248569886743,96
0.32222371577835535,97
0.3222225738520854,98
0.3222214308967358,99
0.3222202865800866,100
0.32221914087477727,101
0.3222179937548116,102
0.32221684519464416,103
0.3222156951691797,104
0.3222145436537736,105
0.3222133906242317,106
0.32221223605681004,107
0.32221107992821535,108
0.3222099222156047,109
0.3222087628965855,110
0.3222076019492156,111
0.32220643935200316,112
0.32220527508390695,113
0.32220410912433584,114
0.3222029414531492,115
0.3222017720506569,116
0.32220060089761887,117
0.3221994279752456,118
0.32219825326519763,119
0.3221970767495863,120
0.3221958984109727,121
0.3221947182323687,122
0.3221935361972363,123
0.3221923522894875,124
0.3221911664934851,125
0.3221899787940418,126
0.3221887891764207,127
0.3221875976263349,128
0.3221864041299482,129
0.32218520867387435,130
0.3221840112451772,131
0.32218281183137104,132
0.32218161042042043,133
0.3221804070007398,134
0.32217920156119395,135
0.322177994091098,136
0.32217678458021687,137
0.322175573018766,138
0.32217435939741085,139
0.3221731437072669,140
0.3221719259398999,141
0.3221707060873257,142
0.32216948414201013,143
0.32216826009686933,144
0.3221670339452693,145
0.3221658056810263,146
0.3221645752984064,147
0.32216334279212633,148
0.32216210815735197,149
0.32216087138969995,150
0.32215963248523666,151
0.3221583914404784,152
0.3221571482523918,153
0.3221559029183931,154
0.32215465543634886,155
0.32215340580457535,156
0.322152154021839,157
0.32215090008735603,158
0.3221496440007926,159
0.32214838576226507,160
0.3221471253723393,161
0.3221458628320314,162
0.3221445981428072,163
0.3221433313065825,164
0.32214206232572284,165
0.3221407912030438,166
0.3221395179418107,167
0.3221382425457387,168
0.3221369650189928,169
0.32213568536618786,170
0.32213440359238843,171
0.3221331197031089,172
0.3221318337043137,173
0.32213054560241644,174
0.3221292554042811,175
0.3221279631172211,176
0.3221266687489996,177
0.32212537230782934,178
0.3221240738023731,179
0.32212277324174327,180
0.3221214706355018,181
0.3221201659936603,182
0.32211885932667994,183
0.3221175506454719,184
0.3221162399613968,185
0.32211492728626473,186
0.3221136126323356,187
0.32211229601231883,188
0.32211097743937345,189
0.3221096569271079,190
0.32210833448958043,191
0.3221070101412987,192
0.32210568389722,193
0.32210435577275087,194
0.3221030257837478,195
0.3221016939465162,196
0.3221003602778115,197
0.3220990247948384,198
0.3220976875152508,199
0.32209634845715257,200
0.3220950076390965,201
0.322093665080085,202
0.32209232079956995,203
0.3220909748174526,204
0.3220896271540834,205
0.32208827783026234,206
0.32208692686723867,207
0.32208557428671114,208
0.3220842201108275,209
0.3220828643621852,210
0.3220815070638306,211
0.3220801482392596,212
0.32207878791241734,213
0.3220774261076982,214
0.32207606284994567,215
0.3220746981644526,216
0.32207333207696115,217
0.3220719646136624,218
0.32207059580119685,219
0.322069225666654,220
0.32206785423757295,221
0.3220664815419413,222
0.32206510760819623,223
0.32206373246522396,224
0.3220623561423596,225
0.3220609786693877,226
0.32205960007654183,227
0.3220582203945043,228
0.3220568396544069,229
0.3220554578878302,230
0.32205407512680384,231
0.32205269140380666,232
0.3220513067517662,233
0.3220499212040593,234
0.3220485347945116,235
0.32204714755739783,236
0.3220457595274414,237
0.3220443707398151,238
0.3220429812301403,239
0.32204159103448743,240
0.32204020018937574,241
0.3220388087317736,242
0.3220374166990979,243
0.3220360241292148,244
0.322034631060439,245
0.3220332375315342,246
0.3220318435817129,247
0.32203044925063645,248
0.32202905457841496,249
0.3220276596287395,250
0.32202626446845084,251
0.3220248690780505,252
0.3220234734346413,253
0.3220220775154745,254
0.3220206812979502,255
0.3220192847596168,256
0.32201788787817137,257
0.32201649063145943,258
0.32201509299747516,259
0.3220136949543611,260
0.32201229648040847,261
0.32201089755405693,262
0.3220094981538946,263
0.3220080982586582,264
0.32200669784723296,265
0.32200529689865265,266
0.32200389539209934,267
0.32200249330690356,268
0.32200109062254484,269
0.3219996873186506,270
0.3219982833749969,271
0.3219968787715085,272
0.32199547348825847,273
0.3219940675054683,274
0.3219926608035079,275
0.32199125336289586,276
0.32198984516429896,277
0.3219884361885325,278
0.3219870264165605,279
0.321985615829495,280
0.3219842044085967,281
0.3219827921352747,282
0.3219813789910865,283
0.3219799649577381,284
0.32197855001708375,285
0.3219771341511264,286
0.32197571734201696,287
0.32197429957205537,288
0.3219728808236893,289
0.3219714610795153,290
0.3219700403222781,291
0.32196861853487097,292
0.3219671957003352,293
0.32196577180186103,294
0.3219643468227867,295
0.3219629207465987,296
0.32196149355693243,297
0.321960065237571,298
0.3219586357724462,299
0.32195720514563847,300
0.3219557733413761,301
0.3219543403440358,302
0.321952906138143,303
0.32195147070837116,304
0.3219500340395421,305
0.3219485961166261,306
0.3219471569247416,307
0.3219457164491555,308
0.321944274675283,309
0.3219428315886876,310
0.3219413871750812,311
0.32193994142032367,312
0.3219384943104237,313
0.321937045831538,314
0.32193559596997134,315
0.32193414471217735,316
0.3219326920447575,317
0.32193123795446177,318
0.3219297824281883,319
0.32192832545298355,320
0.3219268670160424,321
0.3219254071047077,322
0.3219239457064707,323
0.321922482808971,324
0.3219210183999966,325
0.32191955246748327,326
0.3219180849995155,327
0.32191661598432575,328
0.3219151454102949,329
0.32191367326595205,330
0.3219121995399743,331
0.3219107242211874,332
0.3219092472985648,333
0.3219077687612286,334
0.3219062885984491,335
0.3219048067996445,336
0.32190332335438165,337
0.3219018382523751,338
0.32190035148348806,339
0.32189886303773163,340
0.3218973729052654,341
0.3218958810763969,342
0.32189438754158173,343
0.3218928922914242,344
0.3218913953166763,345
0.32188989660823836,346
0.32188839615715886,347
0.3218868939546346,348
0.3218853899920103,349
0.3218838842607791,350
0.3218823767525819,351
0.3218808674592082,352
0.3218793563725954,353
0.3218778434848292,354
0.32187632878814315,355
0.32187481227491904,356
0.3218732939376871,357
0.32187177376912535,358
0.32187025176206,359
0.3218687279094654,360
0.3218672022044641,361
0.32186567464032645,362
0.32186414521047135,363
0.32186261390846554,364
0.3218610807280238,365
0.32185954566300906,366
0.32185800870743253,367
0.3218564698554532,368
0.3218549291013783,369
0.32185338643966316,370
0.321851841864911,371
0.3218502953718733,372
0.32184874695544957,373
0.32184719661068717,374
0.3218456443327819,375
0.32184409011707715,376
0.3218425339590647,377
0.3218409758543842,378
0.3218394157988233,379
0.32183785378831786,380
0.3218362898189517,381
0.32183472388695644,382
0.3218331559887118,383
0.3218315861207459,384
0.32183001427973446,385
0.321828440462501,386
0.3218268646660176,387
0.3218252868874039,388
0.3218237071239278,389
0.321822125373005,390
0.32182054163219925,391
0.32181895589922216,392
0.32181736817193346,393
0.3218157784483406,394
0.3218141867265994,395
0.32181259300501325,396
0.3218109972820336,397
0.3218093995562599,398
0.3218077998264395,399
0.3218061980914676,400
0.3218045943503874,401
0.32180298860239004,402
0.32180138084681453,403
0.3217997710831479,404
0.32179815931102473,405
0.321796545530228,406
0.32179492974068824,407
0.32179331194248395,408
0.32179169213584163,409
0.3217900703211354,410
0.32178844649888744,411
0.3217868206697679,412
0.32178519283459445,413
0.321783562994333,414
0.321781931150097,415
0.32178029730314794,416
0.32177866145489514,417
0.3217770236068955,418
0.3217753837608542,419
0.3217737419186238,420
0.3217720980822051,421
0.3217704522537461,422
0.32176880443554345,423
0.32176715463004085,424
0.3217655028398302,425
0.32176384906765093,426
0.32176219331639055,427
0.32176053558908424,428
0.3217588758889147,429
0.32175721421921283,430
0.321755550583457,431
0.32175388498527346,432
0.32175221742843607,433
0.3217505479168665,434
0.3217488764546344,435
0.3217472030459567,436
0.32174552769519854,437
0.32174385040687226,438
0.3217421711856384,439
0.321740490036305,440
0.32173880696382773,441
0.3217371219733101,442
0.32173543507000324,443
0.32173374625930595,444
0.32173205554676476,445
0.3217303629380739,446
0.32172866843907527,447
0.3217269720557582,448
0.32172527379426,449
0.3217235736608655,450
0.3217218716620072,451
0.3217201678042651,452
0.321718462094367,453
0.3217167545391883,454
0.32171504514575194,455
0.3217133339212287,456
0.3217116208729366,457
0.3217099060083415,458
0.32170818933505685,459
0.32170647086084364,460
0.32170475059411285,461
0.3217030286322232,462
0.3217013050498973,463
0.3216995798562248,464
0.3216978530600603,465
0.3216961246700223,466
0.3216943946944936,467
0.32169266314162176,468
0.3216909300193186,469
0.32168919533526014,470
0.3216874590968871,471
0.3216857213114045,472
0.32168398198578163,473
0.3216822411267524,474
0.3216804987408151,475
0.32167875483423236,476
0.32167700941303135,477
0.3216752624830037,478
0.32167351404970546,479
0.3216717641184571,480
0.32167001269434353,481
0.3216682597822143,482
0.3216665053866834,483
0.32166474951212914,484
0.3216629921626945,485
0.32166123334228686,486
0.3216594730545781,487
0.3216577113030047,488
0.32165594809076764,489
0.32165418342083235,490
0.32165241729592897,491
0.32165064971855173,492
0.3216488806909601,493
0.32164711021517756,494
0.32164533829299236,495
0.32164356492595725,496
0.32164179011538957,497
0.32164001386237123,498
0.32163823616774884,499
0.3216364570321334,500
0.32163467645590055,501
0.32163289443919074,502
0.3216311109819089,503
0.3216293260837246,504
0.3216275397440717,505
0.32162575196214943,506
0.32162396273692095,507
0.3216221720671144,508
0.3216203799512225,509
0.3216185863875028,510
0.3216167913739772,511
0.32161499490843243,512
0.32161319698841995,513
0.321611397611256,514
0.3216095967740211,515
0.32160779447356097,516
0.32160599070648577,517
0.32160418546917036,518
0.3216023787577543,519
0.3216005705681422,520
0.321598760896003,521
0.32159694973677055,522
0.3215951370856435,523
0.32159332293758514,524
0.3215915072873236,525
0.3215896901293518,526
0.32158787145792744,527
0.32158605126707285,528
0.32158422955057536,529
0.321582406301987,530
0.3215805815146246,531
0.32157875518156964,532
0.3215769272956689,533
0.3215750978495334,534
0.3215732668355395,535
0.32157143424582807,536
0.32156960007230484,537
0.32156776430664075,538
0.321565926940271,539
0.32156408796439623,540
0.3215622473699818,541
0.3215604051477577,542
0.3215585612882189,543
0.32155671578162576,544
0.32155486861800275,545
0.32155301978713985,546
0.32155116927859173,547
0.3215493170816781,548
0.32154746318548344,549
0.32154560757885725,550
0.32154375025041404,551
0.32154189118853327,552
0.32154003038135925,553
0.32153816781680156,554
0.3215363034825341,555
0.32153443736599663,556
0.3215325694543934,557
0.3215306997346936,558
0.32152882819363177,559
0.3215269548177071,560
0.3215250795931841,561
0.32152320250609223,562
0.32152132354222596,563
0.32151944268714466,564
0.3215175599261731,565
0.3215156752444009,566
0.3215137886266826,567
0.3215119000576383,568
0.32151000952165276,569
0.321508117002876,570
0.3215062224852232,571
0.32150432595237444,572
0.32150242738777524,573
0.32150052677463586,574
0.32149862409593216,575
0.32149671933440477,576
0.3214948124725597,577
0.32149290349266796,578
0.3214909923767658,579
0.3214890791066548,580
0.32148716366390145,581
0.3214852460298377,582
0.3214833261855604,583
0.3214814041119321,584
0.3214794797895799,585
0.32147755319889687,586
0.3214756243200409,587
0.32147369313293506,588
0.32147175961726787,589
0.3214698237524931,590
0.32146788551782973,591
0.3214659448922621,592
0.32146400185453977,593
0.3214620563831776,594
0.32146010845645595,595
0.3214581580524201,596
0.32145620514888124,597
0.3214542497234153,598
0.32145229175336393,599
0.3214503312158341,600
0.32144836808769806,601
0.32144640234559346,602
0.32144443396592337,603
0.32144246292485623,604
0.32144048919832596,605
0.3214385127620318,606
0.32143653359143837,607
0.32143455166177604,608
0.3214325669480401,609
0.32143057942499187,610
0.32142858906715766,611
0.32142659584882965,612
0.32142459974406523,613
0.3214226007266873,614
0.3214205987702845,615
0.32141859384821075,616
0.32141658593358563,617
0.3214145749992942,618
0.3214125610179871,619
0.32141054396208046,620
0.32140852380375606,621
0.32140650051496134,622
0.3214044740674092,623
0.32140244443257815,624
0.32140041158171234,625
0.3213983754858217,626
0.3213963361156814,627
0.3213942934418328,628
0.32139224743458245,629
0.32139019806400276,630
0.3213881452999321,631
0.32138608911197397,632
0.32138402946949807,633
0.32138196634163946,634
0.32137989969729924,635
0.32137782950514404,636
0.3213757557336064,637
0.32137367835088454,638
0.32137159732494236,639
0.3213695126235098,640
0.32136742421408243,641
0.3213653320639217,642
0.3213632361400549,643
0.32136113640927516,644
0.3213590328381413,645
0.32135692539297844,646
0.3213548140398772,647
0.3213526987446941,648
0.32135057947305173,649
0.32134845619033864,650
0.3213463288617092,651
0.32134419745208376,652
0.3213420619261487,653
0.3213399222483563,654
0.32133777838292493,655
0.32133563029383877,656
0.32133347794484823,657
0.3213313212994697,658
0.3213291603209856,659
0.3213269949724446,660
0.321324825216661,661
0.3213226510162157,662
0.32132047233345534,663
0.32131828913049293,664
0.3213161013692076,665
0.32131390901124457,666
0.32131171201801506,667
0.321309510350697,668
0.32130730397023394,669
0.32130509283733594,670
0.32130287691247933,671
0.32130065615590664,672
0.32129843052762674,673
0.3212961999874145,674
0.32129396449481157,675
0.32129172400912553,676
0.32128947848943057,677
0.3212872278945669,678
0.32128497218314145,679
0.3212827113135275,680
0.3212804452438645,681
0.32127817393205854,682
0.32127589733578216,683
0.3212736154124743,684
0.32127132811934034,685
0.32126903541335217,686
0.3212667372512483,687
0.3212644335895339,688
0.3212621243844803,689
0.3212598095921257,690
0.3212574891682748,691
0.32125516306849905,692
0.3212528312481365,693
0.3212504936622916,694
0.3212481502658359,695
0.3212458010134073,696
0.3212434458594106,697
0.32124108475801727,698
0.32123871766316564,699
0.32123634452856076,700
0.32123396530767445,701
0.3212315799537452,702
0.32122918841977877,703
0.32122679065854753,704
0.3212243866225906,705
0.3212219762642144,706
0.3212195595354919,707
0.3212171363882633,708
0.3212147067741356,709
0.3212122706444829,710
0.32120982795044634,711
0.3212073786429341,712
0.32120492267262135,713
0.3212024599899505,714
0.32119999054513104,715
0.3211975142881396,716
0.32119503116871995,717
0.32119254113638296,718
0.3211900441404071,719
0.32118754012983763,720
0.3211850290534874,721
0.32118251085993643,722
0.32117998549753224,723
0.3211774529143894,724
0.3211749130583901,725
0.32117236587718373,726
0.3211698113181874,727
0.32116724932858554,728
0.32116467985532987,729
0.32116210284514013,730
0.321159518244503,731
0.3211569259996732,732
0.3211543260566728,733
0.32115171836129164,734
0.3211491028590872,735
0.32114647949538455,736
0.3211438482152766,737
0.32114120896362375,738
0.3211385616850547,739
0.32113590632396555,740
0.3211332428245202,741
0.3211305711306508,742
0.32112789118605684,743
0.32112520293420643,744
0.321122506318335,745
0.3211198012814465,746
0.32111708776631254,747
0.32111436571547286,748
0.3211116350712356,749
0.3211088957756767,750
0.3211061477706402,751
0.3211033909977389,752
0.32110062539835293,753
0.3210978509136317,754
0.32109506748449207,755
0.32109227505161964,756
0.32108947355546846,757
0.32108666293626087,758
0.3210838431339874,759
0.32108101408840756,760
0.321078175739049,761
0.32107532802520805,762
0.3210724708859496,763
0.3210696042601073,764
0.32106672808628317,765
0.3210638423028484,766
0.3210609468479424,767
0.3210580416594737,768
0.32105512667511965,769
0.3210522018323263,770
0.32104926706830866,771
0.32104632232005065,772
0.3210433675243054,773
0.3210404026175948,774
0.32103742753620995,775
0.3210344422162108,776
0.321031446593427,777
0.3210284406034567,778
0.32102542418166785,779
0.3210223972631974,780
0.3210193597917272,781
0.32101631180300405,782
0.32101325336463016,783
0.3210101845406814,784
0.3210071053949685,785
0.3210040159910386,786
0.321000916392174,787
0.3209978066613927,788
0.32099468686144866,789
0.32099155705483123,790
0.3209884173037651,791
0.320985267670211,792
0.32098210821586515,793
0.320978939002159,794
0.32097576009025997,795
0.32097257154107073,796
0.32096937341522963,797
0.32096616577311043,798
0.3209629486748226,799
0.3209597221802109,800
0.3209564863488558,801
0.320953241240073,802
0.320949986912914,803
0.3209467234261652,804
0.3209434508383493,805
0.3209401692077238,806
0.3209368785922818,807
0.3209335790497521,808
0.32093027063759855,809
0.32092695341302085,810
0.3209236274329539,811
0.320920292754068,812
0.3209169494327689,813
0.3209135975251979,814
0.32091023708723154,815
0.32090686817448194,816
0.3209034908422966,817
0.3209001051457582,818
0.32089671113968515,819
0.32089330887863127,820
0.32088989841688553,821
0.3208864798084724,822
0.32088305310715204,823
0.3208796183664194,824
0.3208761756395056,825
0.3208727249793767,826
0.32086926643873415,827
0.32086580007001503,828
0.32086232592539166,829
0.32085884405677206,830
0.3208553545157994,831
0.3208518573538522,832
0.3208483526220447,833
0.3208448403712264,834
0.32084132065198223,835
0.3208377935146327,836
0.3208342590092337,837
0.32083071718557626,838
0.32082716809318734,839
0.3208236117813293,840
0.32082004829899957,841
0.3208164776949313,842
0.3208129000175933,843
0.3208093153151896,844
0.3208057236356599,845
0.32080212502667915,846
0.320798519535658,847
0.3207949072097428,848
0.3207912880958149,849
0.3207876622404917,850
0.3207840296901258,851
0.32078039049080553,852
0.32077674468835476,853
0.32077309232833273,854
0.3207694334560346,855
0.3207657681164908,856
0.32076209635446756,857
0.32075841821446655,858
0.3207547337407252,859
0.32075104297721646,860
0.3207473459676491,861
0.32074364275546735,862
0.32073993338385104,863
0.3207362178957158,864
0.32073249633371315,865
0.3207287687402299,866
0.3207250351573888,867
0.3207212956270483,868
0.32071755019080256,869
0.3207137988899816,870
0.3207100417656509,871
0.3207062788586119,872
0.32070251020940216,873
0.3206987358582943,874
0.32069495584529745,875
0.32069117021015625,876
0.3206873789923511,877
0.3206835822310985,878
0.3206797799653506,879
0.32067597223379574,880
0.3206721590748578,881
0.3206683405266967,882
0.32066451662720846,883
0.3206606874140249,884
0.32065685292451396,885
0.32065301319577916,886
0.3206491682646605,887
0.32064531816773384,888
0.32064146294131085,889
0.3206376026214395,890
0.3206337372439037,891
0.32062986684422357,892
0.32062599145765525,893
0.3206221111191908,894
0.3206182258635588,895
0.32061433572522374,896
0.32061044073838646,897
0.32060654093698354,898
0.32060263635468833,899
0.32059872702491,900
0.32059481298079423,901
0.3205908942552227,902
0.3205869708808136,903
0.32058304288992134,904
0.3205791103146367,905
0.3205751731867865,906
0.32057123153793443,907
0.32056728539938006,908
0.3205633348021596,909
0.32055937977704574,910
0.32055542035454737,911
0.32055145656491,912
0.32054748843811565,913
0.32054351600388264,914
0.3205395392916659,915
0.32053555833065706,916
0.3205315731497841,917
0.3205275837777114,918
0.3205235902428405,919
0.320519592573309,920
0.32051559079699143,921
0.3205115849414988,922
0.320507575034179,923
0.3205035611021164,924
0.32049954317213236,925
0.3204955212707847,926
0.3204914954243682,927
0.3204874656589143,928
0.32048343200019125,929
0.32047939447370405,930
0.320475353104695,931
0.3204713079181427,932
0.32046725893876293,933
0.3204632061910084,934
0.32045914969906847,935
0.3204550894868699,936
0.32045102557807614,937
0.3204469579960876,938
0.3204428867640419,939
0.3204388119048137,940
0.32043473344101464,941
0.3204306513949933,942
0.3204265657888358,943
0.32042247664436496,944
0.320418383983141,945
0.32041428782646125,946
0.32041018819536027,947
0.32040608511060986,948
0.320401978592719,949
0.32039786866193404,950
0.32039375533823855,951
0.3203896386413535,952
0.3203855185907371,953
0.32038139520558506,954
0.32037726850483034,955
0.32037313850714355,956
0.3203690052309323,957
0.3203648686943421,958
0.3203607289152558,959
0.3203565859112937,960
0.3203524396998136,961
0.3203482902979109,962
0.3203441377224187,963
0.3203399819899077,964
0.3203358231166859,965
0.3203316611187994,966
0.32032749601203164,967
0.32032332781190387,968
0.3203191565336752,969
0.3203149821923422,970
0.3203108048026394,971
0.32030662437903923,972
0.3203024409357516,973
0.3202982544867247,974
0.32029406504564417,975
0.32028987262593384,976
0.32028567724075524,977
0.320281478903008,978
0.32027727762532976,979
0.3202730734200958,980
0.3202688662994198,981
0.32026465627515355,982
0.3202604433588863,983
0.3202562275619461,984
0.32025200889539857,985
0.3202477873700479,986
0.3202435629964359,987
0.3202393357848434,988
0.3202351057452885,989
0.320230872887528,990
0.32022663722105715,991
0.3202223987551091,992
0.32021815749865556,993
0.32021391346040645,994
0.32020966664881,995
0.320205417072053,996
0.3202011647380605,997
0.3201969096544961,998
0.3201926518287617,999
0.32018839126799786,1000
0.3201841279790835,1001
0.3201798619686362,1002
0.32017559324301187,1003
0.3201713218083054,1004
0.3201670476703498,1005
0.3201627708347172,1006
0.320158491306718,1007
0.32015420909140135,1008
0.32014992419355526,1009
0.32014563661770656,1010
0.32014134636812047,1011
0.3201370534488013,1012
0.32013275786349205,1013
0.3201284596156745,1014
0.3201241587085693,1015
0.3201198551451362,1016
0.3201155489280736,1017
0.32011124005981895,1018
0.32010692854254863,1019
0.32010261437817794,1020
0.3200982975683613,1021
0.32009397811449214,1022
0.32008965601770284,1023
0.32008533127886507,1024
0.32008100389858934,1025
0.3200766738772256,1026
0.32007234121486283,1027
0.3200680059113289,1028
0.3200636679661914,1029
0.3200593273787568,1030
0.32005498414807104,1031
0.320050638272919,1032
0.3200462897518255,1033
0.3200419385830541,1034
0.3200375847646079,1035
0.3200332282942295,1036
0.3200288691694009,1037
0.3200245073873433,1038
0.32002014294501774,1039
0.3200157758391245,1040
0.32001140606610334,1041
0.3200070336221338,1042
0.3200026585031347,1043
0.31999828070476477,1044
0.3199939002224219,1045
0.3199895170512442,1046
0.31998513118610894,1047
0.31998074262163334,1048
0.3199763513521744,1049
0.31997195737182865,1050
0.3199675606744326,1051
0.31996316125356233,1052
0.31995875910253396,1053
0.3199543542144034,1054
0.31994994658196635,1055
0.31994553619775845,1056
0.3199411230540553,1057
0.3199367071428724,1058
0.31993228845596544,1059
0.3199278669848297,1060
0.31992344272070095,1061
0.3199190156545545,1062
0.31991458577710624,1063
0.3199101530788121,1064
0.3199057175498678,1065
0.3199012791802093,1066
0.3198968379595132,1067
0.31989239387719576,1068
0.31988794692241374,1069
0.31988349708406416,1070
0.3198790443507844,1071
0.3198745887109518,1072
0.3198701301526846,1073
0.31986566866384086,1074
0.3198612042320194,1075
0.31985673684455934,1076
0.31985226648854015,1077
0.319847793150782,1078
0.31984331681784556,1079
0.31983883747603165,1080
0.31983435511138203,1081
0.31982986970967897,1082
0.3198253812564451,1083
0.3198208897369441,1084
0.31981639513618,1085
0.31981189743889776,1086
0.3198073966295827,1087
0.31980289269246104,1088
0.31979838561150004,1089
0.3197938753704075,1090
0.3197893619526319,1091
0.3197848453413629,1092
0.31978032551953095,1093
0.31977580246980714,1094
0.31977127617460394,1095
0.3197667466160743,1096
0.31976221377611264,1097
0.3197576776363539,1098
0.31975313817817436,1099
0.31974859538269146,1100
0.3197440492307635,1101
0.31973949970299004,1102
0.3197349467797117,1103
0.31973039044101037,1104
0.3197258306667091,1105
0.3197212674363723,1106
0.3197167007293053,1107
0.3197121305245552,1108
0.31970755680091006,1109
0.31970297953689936,1110
0.3196983987107942,1111
0.3196938143006066,1112
0.3196892262840905,1113
0.3196846346387412,1114
0.3196800393417952,1115
0.3196754403702308,1116
0.31967083770076776,1117
0.3196662313098674,1118
0.3196616211737328,1119
0.3196570072683084,1120
0.3196523895692806,1121
0.3196477680520772,1122
0.31964314269186794,1123
0.3196385134635643,1124
0.3196338803418195,1125
0.31962924330102843,1126
0.3196246023153282,1127
0.31961995735859733,1128
0.3196153084044565,1129
0.3196106554262684,1130
0.31960599839713744,1131
0.3196013372899102,1132
0.3195966720410646,1133
0.3195920023115628,1134
0.3195873280486738,1135
0.3195826492827447,1136
0.3195779660439904,1137
0.31957327836249444,1138
0.3195685862682081,1139
0.319563889790951,1140
0.31955918896041097,1141
0.31955448380614365,1142
0.3195497743575732,1143
0.31954506064399185,1144
0.31954034269455994,1145
0.3195356205383061,1146
0.31953089420412717,1147
0.3195261637207881,1148
0.31952142911692233,1149
0.3195166904210311,1150
0.3195119476614843,1151
0.3195072008665198,1152
0.319502450064244,1153
0.3194976952826311,1154
0.3194929365495242,1155
0.31948817389263434,1156
0.3194834073395409,1157
0.31947863691769146,1158
0.31947386265440214,1159
0.31946908457685735,1160
0.31946430271210974,1161
0.3194595170870805,1162
0.3194547277285588,1163
0.31944993466320276,1164
0.3194451379175383,1165
0.3194403375179601,1166
0.3194355334907311,1167
0.3194307258619829,1168
0.31942591465771514,1169
0.31942109990379614,1170
0.3194162816259626,1171
0.3194114598498198,1172
0.3194066346008413,1173
0.3194018059043693,1174
0.3193969737856144,1175
0.3193921382696557,1176
0.319387299381441,1177
0.3193824571457863,1178
0.31937761158737643,1179
0.31937276273076476,1180
0.3193679106003728,1181
0.3193630552204913,1182
0.31935819661527914,1183
0.31935333480876377,1184
0.31934846982484155,1185
0.3193436016872772,1186
0.31933873041970423,1187
0.31933385604562475,1188
0.31932897858840936,1189
0.3193240980712977,1190
0.31931921451739753,1191
0.319314327949686,1192
0.31930943839100834,1193
0.3193045458640788,1194
0.31929965039148034,1195
0.31929475199566454,1196
0.3192898506989518,1197
0.31928494652353145,1198
0.31928003949146133,1199
0.31927512962466814,1200
0.3192702169449474,1201
0.3192653014739636,1202
0.31926038323324973,1203
0.31925546224420787,1204
0.31925053852810886,1205
0.3192456121060925,1206
0.31924068299916714,1207
0.3192357512282105,1208
0.31923081681396887,1209
0.31922587977705746,1210
0.31922094013796054,1211
0.31921599791703126,1212
0.3192110531344916,1213
0.3192061058104327,1214
0.3192011559648147,1215
0.31919620361746637,1216
0.3191912487880859,1217
0.3191862914962402,1218
0.3191813317613654,1219
0.3191763696027666,1220
0.3191714050396179,1221
0.31916643809096246,1222
0.31916146877571255,1223
0.31915649711264976,1224
0.3191515231204242,1225
0.3191465468175559,1226
0.3191415682224331,1227
0.31913658735331396,1228
0.3191316042283255,1229
0.3191266188654638,1230
0.3191216312825942,1231
0.3191166414974514,1232
0.31911164952763904,1233
0.3191066553906301,1234
0.3191016591037669,1235
0.31909666068426085,1236
0.3190916601491927,1237
0.3190866575155124,1238
0.3190816528000393,1239
0.31907664601946195,1240
0.31907163719033826,1241
0.3190666263290955,1242
0.3190616134520302,1243
0.3190565985753083,1244
0.3190515817149651,1245
0.3190465628869052,1246
0.31904154210690283,1247
0.31903651939060124,1248
0.31903149475351344,1249
0.31902646821102176,1250
0.31902143977837794,1251
0.31901640947070314,1252
0.31901137730298834,1253
0.3190063432900935,1254
0.3190013074467483,1255
0.31899626978755213,1256
0.3189912303269736,1257
0.31898618907935095,1258
0.31898114605889205,1259
0.31897610127967435,1260
0.3189710547556449,1261
0.3189660065006202,1262
0.31896095652828643,1263
0.3189559048521994,1264
0.31895085148578456,1265
0.31894579644233706,1266
0.3189407397350217,1267
0.31893568137687284,1268
0.31893062138079464,1269
0.31892555975956094,1270
0.31892049652581533,1271
0.31891543169207104,1272
0.3189103652707112,1273
0.3189052972739886,1274
0.31890022771402565,1275
0.3188951566028148,1276
0.31889008395221835,1277
0.31888500977396805,1278
0.31887993407966575,1279
0.3188748568807831,1280
0.31886977818866163,1281
0.3188646980145127,1282
0.31885961636941756,1283
0.31885453326432733,1284
0.31884944871006304,1285
0.3188443627173156,1286
0.31883927529664596,1287
0.3188341864584851,1288
0.3188290962131337,1289
0.31882400457076254,1290
0.31881891154141256,1291
0.3188138171349944,1292
0.318808721361289,1293
0.3188036242299471,1294
0.31879852575048967,1295
0.3187934259323076,1296
0.31878832478466196,1297
0.3187832223166839,1298
0.3187781185373745,1299
0.31877301345560527,1300
0.31876790708011754,1301
0.31876279941952285,1302
0.3187576904823031,1303
0.3187525802768103,1304
0.31874746881126625,1305
0.31874235609376345,1306
0.31873724213226445,1307
0.31873212693460184,1308
0.3187270105084787,1309
0.31872189286146824,1310
0.31871677400101395,1311
0.3187116539344296,1312
0.3187065326688991,1313
0.3187014102114771,1314
0.318696286569088,1315
0.318691161748527,1316
0.3186860357564595,1317
0.318680908599421,1318
0.3186757802838179,1319
0.3186706508159263,1320
0.3186655202018935,1321
0.3186603884477365,1322
0.3186552555593431,1323
0.31865012154247163,1324
0.3186449864027505,1325
0.31863985014567897,1326
0.3186347127766264,1327
0.31862957430083305,1328
0.31862443472340946,1329
0.3186192940493367,1330
0.3186141522834665,1331
0.31860900943052095,1332
0.31860386549509273,1333
0.3185987204816454,1334
0.3185935743945127,1335
0.3185884272378992,1336
0.31858327901588007,1337
0.31857812973240107,1338
0.31857297939127854,1339
0.31856782799619965,1340
0.31856267555072226,1341
0.3185575220582746,1342
0.31855236752215577,1343
0.31854721194553587,1344
0.3185420553314553,1345
0.3185368976828252,1346
0.318531739002428,1347
0.31852657929291633,1348
0.31852141855681376,1349
0.31851625679651474,1350
0.31851109401428446,1351
0.318505930212259,1352
0.31850076539244515,1353
0.3184955995567205,1354
0.31849043270683397,1355
0.31848526484440454,1356
0.3184800959709229,1357
0.3184749260877501,1358
0.3184697551961183,1359
0.3184645832971306,1360
0.3184594103917609,1361
0.3184542364808543,1362
0.31844906156512665,1363
0.3184438856451647,1364
0.3184387087214266,1365
0.318433530794241,1366
0.3184283518638081,1367
0.31842317193019865,1368
0.3184179909933547,1369
0.3184128090530894,1370
0.31840762610908674,1371
0.3184024421609018,1372
0.3183972572079614,1373
0.3183920712495625,1374
0.3183868842848739,1375
0.31838169631293517,1376
0.31837650733265727,1377
0.3183713173428221,1378
0.3183661263420829,1379
0.31836093432896406,1380
0.3183557413018613,1381
0.31835054725904116,1382
0.3183453521986419,1383
0.3183401561186728,1384
0.31833495901701436,1385
0.3183297608914183,1386
0.3183245617395079,1387
0.3183193615587775,1388
0.31831416034659277,1389
0.31830895810019083,1390
0.31830375481668,1391
0.31829855049303996,1392
0.31829334512612184,1393
0.3182881387126483,1394
0.318282931249213,1395
0.31827772273228117,1396
0.31827251315818966,1397
0.3182673025231464,1398
0.31826209082323115,1399
0.31825687805439473,1400
0.3182516642124599,1401
0.31824644929312024,1402
0.3182412332919416,1403
0.3182360162043607,1404
0.3182307980256861,1405
0.3182255787510978,1406
0.3182203583756475,1407
0.31821513689425834,1408
0.31820991430172485,1409
0.31820469059271356,1410
0.31819946576176217,1411
0.3181942398032804,1412
0.3181890127115493,1413
0.31818378448072177,1414
0.31817855510482207,1415
0.31817332457774655,1416
0.31816809289326276,1417
0.3181628600450105,1418
0.31815762602650055,1419
0.3181523908311162,1420
0.318147154452112,1421
0.31814191688261434,1422
0.3181366781156214,1423
0.31813143814400296,1424
0.31812619696050104,1425
0.3181209545577288,1426
0.318115710928172,1427
0.31811046606418747,1428
0.31810521995800434,1429
0.31809997260172346,1430
0.31809472398731753,1431
0.31808947410663113,1432
0.31808422295138084,1433
0.318078970513155,1434
0.318073716783414,1435
0.3180684617534901,1436
0.3180632054145872,1437
0.31805794775778184,1438
0.318052688774022,1439
0.31804742845412776,1440
0.3180421667887913,1441
0.3180369037685768,1442
0.3180316393839203,1443
0.31802637362513003,1444
0.31802110648238624,1445
0.31801583794574123,1446
0.3180105680051195,1447
0.31800529665031746,1448
0.3180000238710037,1449
0.3179947496567189,1450
0.3179894739968759,1451
0.3179841968807599,1452
0.3179789182975277,1453
0.31797363823620894,1454
0.3179683566857051,1455
0.31796307363478965,1456
0.3179577890721088,1457
0.31795250298618055,1458
0.3179472153653954,1459
0.3179419261980159,1460
0.3179366354721771,1461
0.3179313431758861,1462
0.31792604929702256,1463
0.3179207538233381,1464
0.3179154567424571,1465
0.3179101580418757,1466
0.3179048577089631,1467
0.3178995557309602,1468
0.3178942520949808,1469
0.3178889467880106,1470
0.3178836397968724,1471
0.3178783307892837,1472
0.3178730194676048,1473
0.3178677058504395,1474
0.3178623899563228,1475
0.3178570718037213,1476
0.3178517514110332,1477
0.3178464287965883,1478
0.3178411039786475,1479
0.31783577697540366,1480
0.317830447804981,1481
0.3178251164854351,1482
0.3178197830347534,1483
0.31781444747085474,1484
0.31780910981158944,1485
0.3178037700747396,1486
0.31779842827801846,1487
0.3177930844390713,1488
0.3177877385754746,1489
0.31778239070473685,1490
0.3177770408442977,1491
0.3177716890115286,1492
0.3177663352237323,1493
0.31776097949814386,1494
0.3177556218519292,1495
0.31775026230218606,1496
0.3177449008659441,1497
0.3177395375601642,1498
0.31773417240173923,1499
0.3177288054074934,1500
0.3177234365941826,1501
0.31771806597849467,1502
0.3177126935770488,1503
0.3177073194063958,1504
0.3177019434830185,1505
0.31769656582333095,1506
0.3176911864436792,1507
0.31768580536034097,1508
0.3176804225895254,1509
0.31767503814737363,1510
0.31766965204995834,1511
0.317664264313284,1512
0.31765887495328665,1513
0.31765348398583426,1514
0.31764809142672645,1515
0.31764269729169436,1516
0.31763730159640113,1517
0.3176319043564416,1518
0.3176265055873423,1519
0.3176211053045615,1520
0.3176157035234893,1521
0.3176103002594476,1522
0.3176048955276897,1523
0.3175994893434014,1524
0.31759408172169956,1525
0.31758867267763347,1526
0.3175832622261835,1527
0.3175778503822626,1528
0.3175724371607148,1529
0.3175670225763165,1530
0.3175616066437758,1531
0.31755618937773245,1532
0.3175507707927581,1533
0.31754535090335634,1534
0.3175399297239625,1535
0.31753450726894383,1536
0.3175290835525995,1537
0.31752365858916043,1538
0.31751823239278937,1539
0.31751280497758116,1540
0.31750737635756243,1541
0.31750194654669156,1542
0.31749651555885905,1543
0.31749108340788706,1544
0.31748565010753005,1545
0.31748021567147394,1546
0.3174747801133367,1547
0.3174693434466687,1548
0.3174639056849514,1549
0.3174584668415992,1550
0.31745302692995736,1551
0.317447585963304,1552
0.31744214395484893,1553
0.3174367009177336,1554
0.3174312568650318,1555
0.3174258118097492,1556
0.31742036576482346,1557
0.3174149187431243,1558
0.3174094707574533,1559
0.317404021820544,1560
0.3173985719450624,1561
0.31739312114360585,1562
0.3173876694287043,1563
0.3173822168128194,1564
0.317376763308345,1565
0.3173713089276069,1566
0.317365853682863,1567
0.3173603975863034,1568
0.31735494065005,1569
0.31734948288615683,1570
0.3173440243066102,1571
0.31733856492332824,1572
0.31733310474816145,1573
0.31732764379289224,1574
0.31732218206923507,1575
0.3173167195888368,1576
0.317311256363276,1577
0.3173057924040638,1578
0.31730032772264316,1579
0.31729486233038917,1580
0.31728939623860924,1581
0.317283929458543,1582
0.3172784620013617,1583
0.3172729938781696,1584
0.3172675251000024,1585
0.3172620556778283,1586
0.31725658562254766,1587
0.317251114944993,1588
0.317245643655929,1589
0.31724017176605274,1590
0.3172346992859932,1591
0.31722922622631167,1592
0.317223752597502,1593
0.3172182784099898,1594
0.31721280367413307,1595
0.31720732840022225,1596
0.3172018525984797,1597
0.3171963762790605,1598
0.3171908994520514,1599
0.3171854221274718,1600
0.3171799443152735,1601
0.3171744660253401,1602
0.31716898726748793,1603
0.3171635080514655,1604
0.3171580283869535,1605
0.317152548283565,1606
0.3171470677508454,1607
0.31714158679827237,1608
0.31713610543525605,1609
0.3171306236711388,1610
0.3171251415151954,1611
0.3171196589766328,1612
0.31711417606459047,1613
0.31710869278814013,1614
0.3171032091562861,1615
0.3170977251779648,1616
0.317092240862045,1617
0.3170867562173283,1618
0.3170812712525481,1619
0.3170757859763707,1620
0.3170703003973945,1621
0.3170648145241503,1622
0.3170593283651017,1623
0.3170538419286443,1624
0.3170483552231063,1625
0.3170428682567483,1626
0.31703738103776347,1627
0.31703189357427725,1628
0.3170264058743476,1629
0.3170209179459651,1630
0.3170154297970526,1631
0.3170099414354655,1632
0.3170044528689918,1633
0.3169989641053518,1634
0.3169934751521984,1635
0.31698798601711686,1636
0.3169824967076253,1637
0.31697700723117406,1638
0.31697151759514597,1639
0.31696602780685673,1640
0.31696053787355416,1641
0.3169550478024188,1642
0.3169495576005639,1643
0.3169440672750351,1644
0.31693857683281057,1645
0.316933086280801,1646
0.3169275956258501,1647
0.31692210487473355,1648
0.3169166140341598,1649
0.3169111231107704,1650
0.3169056321111388,1651
0.3169001410417714,1652
0.3168946499091071,1653
0.3168891587195176,1654
0.31688366747930713,1655
0.31687817619471265,1656
0.31687268487190334,1657
0.3168671935169816,1658
0.3168617021359822,1659
0.3168562107348724,1660
0.3168507193195526,1661
0.3168452278958555,1662
0.3168397364695465,1663
0.3168342450463238,1664
0.3168287536318183,1665
0.31682326223159357,1666
0.31681777085114576,1667
0.31681227949590396,1668
0.31680678817122976,1669
0.3168012968824177,1670
0.3167958056346948,1671
0.31679031443322103,1672
0.31678482328308905,1673
0.31677933218932414,1674
0.31677384115688445,1675
0.3167683501906609,1676
0.31676285929547715,1677
0.3167573684760896,1678
0.3167518777371876,1679
0.316746387083393,1680
0.3167408965192606,1681
0.3167354060492782,1682
0.316729915677866,1683
0.3167244254093773,1684
0.3167189352480982,1685
0.31671344519824746,1686
0.3167079552639769,1687
0.316702465449371,1688
0.3166969757584471,1689
0.3166914861951554,1690
0.3166859967633791,1691
0.3166805074669341,1692
0.3166750183095693,1693
0.3166695292949663,1694
0.3166640404267396,1695
0.3166585517084369,1696
0.31665306314353847,1697
0.31664757473545746,1698
0.3166420864875402,1699
0.3166365984030657,1700
0.31663111048524584,1701
0.3166256227372258,1702
0.3166201351620832,1703
0.31661464776282905,1704
0.3166091605424069,1705
0.31660367350369356,1706
0.31659818664949874,1707
0.3165926999825648,1708
0.31658721350556757,1709
0.31658172722111544,1710
0.3165762411317501,1711
0.3165707552399459,1712
0.3165652695481104,1713
0.3165597840585842,1714
0.3165542987736408,1715
0.31654881369548665,1716
0.3165433288262613,1717
0.3165378441680374,1718
0.3165323597228206,1719
0.3165268754925492,1720
0.31652139147909536,1721
0.31651590768426346,1722
0.3165104241097914,1723
0.31650494075735,1724
0.3164994576285432,1725
0.31649397472490787,1726
0.3164884920479142,1727
0.31648300959896525,1728
0.3164775273793974,1729
0.31647204539047974,1730
0.3164665636334148,1731
0.3164610821093381,1732
0.31645560081931845,1733
0.3164501197643573,1734
0.3164446389453899,1735
0.3164391583632839,1736
0.31643367801884076,1737
0.31642819791279475,1738
0.31642271804581323,1739
0.31641723841849695,1740
0.3164117590313796,1741
0.31640627988492814,1742
0.3164008009795426,1743
0.3163953223155565,1744
0.31638984389323604,1745
0.3163843657127811,1746
0.3163788877743246,1747
0.3163734100779324,1748
0.31636793262360396,1749
0.3163624554112718,1750
0.31635697844080146,1751
0.3163515017119921,1752
0.3163460252245757,1753
0.31634054897821784,1754
0.31633507297251723,1755
0.3163295972070056,1756
0.3163241216811482,1757
0.3163186463943435,1758
0.3163131713459232,1759
0.3163076965351522,1760
0.31630222196122887,1761
0.3162967476232847,1762
0.3162912735203845,1763
0.3162857996515264,1764
0.31628032601564193,1765
0.31627485261159577,1766
0.31626937943818584,1767
0.3162639064941438,1768
0.31625843377813406,1769
0.31625296128875485,1770
0.3162474890245374,1771
0.31624201698394655,1772
0.31623654516538036,1773
0.3162310735671702,1774
0.31622560218758083,1775
0.3162201310248104,1776
0.31621466007699045,1777
0.31620918934218595,1778
0.31620371881839515,1779
0.31619824850354955,1780
0.31619277839551435,1781
0.3161873084920881,1782
0.31618183879100253,1783
0.31617636928992304,1784
0.3161708999864483,1785
0.31616543087811033,1786
0.31615996196237484,1787
0.3161544932366407,1788
0.3161490246982404,1789
0.3161435563444398,1790
0.3161380881724383,1791
0.3161326201793686,1792
0.3161271523622971,1793
0.3161216847182233,1794
0.3161162172440804,1795
0.3161107499367353,1796
0.316105282792988,1797
0.31609981580957225,1798
0.31609434898315525,1799
0.3160888823103374,1800
0.3160834157876531,1801
0.31607794941156997,1802
0.3160724831784892,1803
0.31606701708474555,1804
0.3160615511266072,1805
0.31605608530027607,1806
0.3160506196018873,1807
0.31604515402751,1808
0.3160396885731464,1809
0.3160342232347328,1810
0.31602875800813846,1811
0.31602329288916664,1812
0.3160178278735541,1813
0.316012362956971,1814
0.31600689813502136,1815
0.31600143340324266,1816
0.3159959687571059,1817
0.31599050419201574,1818
0.31598503970331054,1819
0.31597957528626214,1820
0.3159741109360762,1821
0.31596864664789176,1822
0.31596318241678173,1823
0.31595771823775226,1824
0.3159522541057437,1825
0.31594679001562975,1826
0.31594132596221763,1827
0.31593586194024853,1828
0.3159303979443971,1829
0.3159249339692715,1830
0.31591947000941417,1831
0.31591400605930064,1832
0.3159085421133403,1833
0.3159030781658764,1834
0.31589761421118556,1835
0.31589215024347855,1836
0.3158866862568995,1837
0.3158812222455263,1838
0.31587575820337055,1839
0.3158702941243779,1840
0.3158648300024274,1841
0.3158593658313318,1842
0.3158539016048378,1843
0.31584843731662576,1844
0.31584297296030983,1845
0.315837508529438,1846
0.3158320440174917,1847
0.3158265794178865,1848
0.3158211147239717,1849
0.31581564992903,1850
0.3158101850262784,1851
0.3158047200088675,1852
0.3157992548698815,1853
0.31579378960233867,1854
0.31578832419919106,1855
0.31578285865332445,1856
0.31577739295755847,1857
0.3157719271046466,1858
0.3157664610872762,1859
0.31576099489806814,1860
0.3157555285295778,1861
0.31575006197429367,1862
0.31574459522463866,1863
0.31573912827296924,1864
0.31573366111157586,1865
0.31572819373268274,1866
0.3157227261284482,1867
0.31571725829096425,1868
0.3157117902122568,1869
0.31570632188428577,1870
0.3157008532989449,1871
0.3156953844480618,1872
0.3156899153233981,1873
0.3156844459166492,1874
0.3156789762194446,1875
0.3156735062233477,1876
0.3156680359198558,1877
0.31566256530039993,1878
0.3156570943563456,1879
0.31565162307899164,1880
0.31564615145957126,1881
0.3156406794892515,1882
0.31563520715913346,1883
0.3156297344602521,1884
0.31562426138357635,1885
0.31561878792000925,1886
0.3156133140603878,1887
0.31560783979548285,1888
0.3156023651159995,1889
0.3155968900125767,1890
0.31559141447578737,1891
0.31558593849613864,1892
0.31558046206407153,1893
0.31557498516996113,1894
0.3155695078041166,1895
0.31556402995678107,1896
0.31555855161813184,1897
0.31555307277828004,1898
0.3155475934272711,1899
0.3155421135550846,1900
0.3155366331516338,1901
0.3155311522067664,1902
0.3155256707102641,1903
0.3155201886518425,1904
0.3155147060211516,1905
0.3155092228077752,1906
0.31550373900123163,1907
0.3154982545909728,1908
0.3154927695663852,1909
0.31548728391678926,1910
0.3154817976314394,1911
0.31547631069952453,1912
0.31547082311016744,1913
0.31546533485242506,1914
0.31545984591528864,1915
0.31545435628768353,1916
0.3154488659584692,1917
0.31544337491643937,1918
0.3154378831503219,1919
0.31543239064877887,1920
0.3154268974004064,1921
0.31542140339373514,1922
0.3154159086172296,1923
0.31541041305928874,1924
0.31540491670824566,1925
0.3153994195523675,1926
0.31539392157985613,1927
0.31538842277884704,1928
0.31538292313741045,1929
0.31537742264355045,1930
0.31537192128520586,1931
0.31536641905024926,1932
0.3153609159264878,1933
0.3153554119016628,1934
0.31534990696344994,1935
0.3153444010994591,1936
0.31533889429723455,1937
0.3153333865442547,1938
0.31532787782793237,1939
0.3153223681356148,1940
0.31531685745458343,1941
0.3153113457720539,1942
0.3153058330751765,1943
0.31530031935103553,1944
0.31529480458664993,1945
0.31528928876897283,1946
0.31528377188489154,1947
0.31527825392122805,1948
0.3152727348647387,1949
0.31526721470211405,1950
0.31526169341997906,1951
0.3152561710048931,1952
0.31525064744335013,1953
0.3152451227217781,1954
0.3152395968265398,1955
0.31523406974393225,1956
0.3152285414601869,1957
0.31522301196146946,1958
0.31521748123388055,1959
0.3152119492634546,1960
0.3152064160361611,1961
0.31520088153790343,1962
0.3151953457545201,1963
0.3151898086717835,1964
0.31518427027540064,1965
0.31517873055101325,1966
0.3151731894841973,1967
0.31516764706046346,1968
0.3151621032652566,1969
0.31515655836933,1970
0.3151510144311782,1971
0.31514547184980074,1972
0.31513993061067974,1973
0.31513439069935645,1974
0.31512885210143093,1975
0.3151233148025631,1976
0.31511777878847097,1977
0.31511224404493215,1978
0.3151067105577831,1979
0.3151011783129194,1980
0.3150956472962955,1981
0.3150901174939253,1982
0.315084588891881,1983
0.3150790614762944,1984
0.315073535233356,1985
0.3150680101493153,1986
0.315062486210481,1987
0.3150569634032204,1988
0.31505144171396027,1989
0.3150459211291858,1990
0.3150404016354414,1991
0.3150348832193304,1992
0.31502936586751495,1993
0.3150238495667165,1994
0.3150183343037148,1995
0.3150128200653491,1996
0.31500730683851724,1997
0.315001794610176,1998
0.31499628336734115,1999
0.3149907730970872,2000
0.3149852637865476,2001
0.3149797554229148,2002
0.31497424799343987,2003
0.31496874148543297,2004
0.3149632358862628,2005
0.31495773118335735,2006
0.31495222736420303,2007
0.3149467244163453,2008
0.3149412223273883,2009
0.31493572108499523,2010
0.31493022067688786,2011
0.3149247210908467,2012
0.31491922231471137,2013
0.31491372433638004,2014
0.3149082271438097,2015
0.3149027307250161,2016
0.3148972350680738,2017
0.31489174016111626,2018
0.31488624599233533,2019
0.3148807525499818,2020
0.3148752598223654,2021
0.31486976779785425,2022
0.31486427646487547,2023
0.3148587858119147,2024
0.31485329582751637,2025
0.31484780650028366,2026
0.31484231781887834,2027
0.3148368297720211,2028
0.314831342348491,2029
0.31482585553712605,2030
0.3148203693268228,2031
0.31481488370653643,2032
0.31480939866528096,2033
0.31480391419212866,2034
0.31479843027621124,2035
0.31479294690671805,2036
0.3147874640728978,2037
0.31478198176405775,2038
0.31477649996956325,2039
0.314771018678839,2040
0.31476553788136763,2041
0.31476005756669106,2042
0.3147545777244091,2043
0.3147490983441808,2044
0.3147436194157233,2045
0.3147381409288126,2046
0.314732662873283,2047
0.31472718523902776,2048
0.31472170801599836,2049
0.31471623119420494,2050
0.31471075476371624,2051
0.31470527871465953,2052
0.3146998030372205,2053
0.3146943277216435,2054
0.3146888527582314,2055
0.31468337813734537,2056
0.31467790384940536,2057
0.31467242988488975,2058
0.3146669562343354,2059
0.31466148288833745,2060
0.3146560098375499,2061
0.3146505370726849,2062
0.3146450645845134,2063
0.31463959236386446,2064
0.3146341204016258,2065
0.3146286486887437,2066
0.3146231772162225,2067
0.31461770597512556,2068
0.3146122349565739,2069
0.3146067641517479,2070
0.3146012935518855,2071
0.3145958231482836,2072
0.3145903529322973,2073
0.3145848828953401,2074
0.31457941302888415,2075
0.3145739433244595,2076
0.3145684737736551,2077
0.31456300436811796,2078
0.3145575350995537,2079
0.31455206595972585,2080
0.3145465969404569,2081
0.31454112803362727,2082
0.314535659231176,2083
0.31453019052510023,2084
0.3145247219074558,2085
0.3145192533703562,2086
0.31451378490597415,2087
0.31450831650653993,2088
0.3145028481643427,2089
0.31449737987172943,2090
0.31449191162110574,2091
0.31448644340493537,2092
0.31448097521574053,2093
0.3144755070461015,2094
0.31447003888865693,2095
0.31446457073610384,2096
0.31445910258119747,2097
0.3144536344167512,2098
0.3144481662356367,2099
0.3144426980307841,2100
0.3144372297951815,2101
0.31443176152187535,2102
0.3144262932039705,2103
0.31442082483462963,2104
0.314415356407074,2105
0.31440988791458296,2106
0.31440441935049407,2107
0.31439895070820306,2108
0.3143934819811639,2109
0.3143880131628889,2110
0.31438254424694806,2111
0.3143770752269702,2112
0.31437160609664194,2113
0.3143661368497081,2114
0.31436066747997177,2115
0.314355197981294,2116
0.31434972834759434,2117
0.31434425857285003,2118
0.31433878865109677,2119
0.3143333185764285,2120
0.31432784834299676,2121
0.3143223779450119,2122
0.3143169073767419,2123
0.3143114366325129,2124
0.3143059657067093,2125
0.3143004945937735,2126
0.3142950232882062,2127
0.31428955178456586,2128
0.31428408007746916,2129
0.3142786081615911,2130
0.3142731360316642,2131
0.31426766368247955,2132
0.3142621911088861,2133
0.314256718305791,2134
0.3142512452681591,2135
0.31424577199101356,2136
0.3142402984694357,2137
0.3142348246985645,2138
0.31422935067359725,2139
0.3142238763897892,2140
0.3142184018424536,2141
0.3142129270269616,2142
0.31420745193874244,2143
0.3142019765732835,2144
0.31419650092612994,2145
0.31419102499288504,2146
0.31418554876920984,2147
0.31418007225082356,2148
0.31417459543350346,2149
0.3141691183130846,2150
0.3141636408854598,2151
0.31415816314658046,2152
0.3141526850924552,2153
0.31414720671915103,2154
0.3141417280227929,2155
0.3141362489995634,2156
0.31413076964570313,2157
0.3141252899575109,2158
0.31411980993134303,2159
0.314114329563614,2160
0.3141088488507962,2161
0.31410336778941955,2162
0.3140978863760724,2163
0.31409240460740057,2164
0.314086922480108,2165
0.3140814399909563,2166
0.3140759571367651,2167
0.3140704739144118,2168
0.31406499032083174,2169
0.31405950635301805,2170
0.31405402200802174,2171
0.31404853728295146,2172
0.314043052174974,2173
0.3140375666813138,2174
0.3140320807992531,2175
0.314026594526132,2176
0.31402110785934856,2177
0.3140156207963582,2178
0.3140101333346747,2179
0.3140046454718693,2180
0.31399915720557087,2181
0.31399366853346655,2182
0.3139881794533008,2183
0.3139826899628761,2184
0.31397720006005253,2185
0.31397170974274813,2186
0.31396621900893845,2187
0.313960727856657,2188
0.31395523628399474,2189
0.3139497442891009,2190
0.3139442518701817,2191
0.3139387590255017,2192
0.31393326575338293,2193
0.3139277720522052,2194
0.3139222779204058,2195
0.31391678335648,2196
0.3139112883589807,2197
0.3139057929265184,2198
0.31390029705776124,2199
0.3138948007514352,2200
0.3138893040063239,2201
0.31388380682126854,2202
0.313878309195168,2203
0.3138728111269788,2204
0.31386731261571515,2205
0.3138618136604489,2206
0.3138563142603095,2207
0.31385081441448404,2208
0.31384531412221733,2209
0.31383981338281164,2210
0.3138343121956269,2211
0.3138288105600806,2212
0.3138233084756482,2213
0.31381780594186215,2214
0.313812302958313,2215
0.31380679952464857,2216
0.31380129564057435,2217
0.31379579130585344,2218
0.31379028652030655,2219
0.3137847812838119,2220
0.3137792755963051,2221
0.3137737694577796,2222
0.31376826286828624,2223
0.31376275582793334,2224
0.31375724833688695,2225
0.3137517403953704,2226
0.3137462320036648,2227
0.31374072316210844,2228
0.31373521387109754,2229
0.3137297041310853,2230
0.31372419394258305,2231
0.3137186833061591,2232
0.31371317222243944,2233
0.3137076606921075,2234
0.3137021487159041,2235
0.3136966362946279,2236
0.3136911234291346,2237
0.31368561012033747,2238
0.3136800963692073,2239
0.3136745821767723,2240
0.31366906754411833,2241
0.3136635524723881,2242
0.3136580369627823,2243
0.3136525210165589,2244
0.31364700463503303,2245
0.31364148781957774,2246
0.31363597057162307,2247
0.3136304528926564,2248
0.31362493478422293,2249
0.31361941624792483,2250
0.31361389728542194,2251
0.31360837789843127,2252
0.3136028580887273,2253
0.3135973378581418,2254
0.31359181720856405,2255
0.3135862961419405,2256
0.31358077466027506,2257
0.3135752527656289,2258
0.31356973046012065,2259
0.31356420774592614,2260
0.3135586846252786,2261
0.3135531611004685,2262
0.31354763717384365,2263
0.31354211284780925,2264
0.3135365881248277,2265
0.31353106300741884,2266
0.3135255374981594,2267
0.313520011599684,2268
0.31351448531468407,2269
0.3135089586459084,2270
0.3135034315961631,2271
0.31349790416831164,2272
0.31349237636527455,2273
0.3134868481900296,2274
0.31348131964561204,2275
0.31347579073511417,2276
0.31347026146168555,2277
0.31346473182853296,2278
0.3134592018389204,2279
0.31345367149616904,2280
0.3134481408036574,2281
0.31344260976482086,2282
0.3134370783831526,2283
0.31343154666220235,2284
0.31342601460557734,2285
0.3134204822169421,2286
0.3134149495000178,2287
0.3134094164585835,2288
0.3134038830964748,2289
0.31339834941758493,2290
0.31339281542586384,2291
0.31338728112531883,2292
0.3133817465200144,2293
0.31337621161407203,2294
0.31337067641167055,2295
0.3133651409170456,2296
0.3133596051344901,2297
0.31335406906835417,2298
0.31334853272304475,2299
0.3133429961030262,2300
0.3133374592128197,2301
0.31333192205700366,2302
0.31332638464021356,2303
0.3133208469671418,2304
0.3133153090425382,2305
0.3133097708712092,2306
0.31330423245801853,2307
0.3132986938078869,2308
0.3132931549257922,2309
0.3132876158167691,2310
0.31328207648590956,2311
0.31327653693836244,2312
0.3132709971793336,2313
0.3132654572140859,2314
0.31325991704793926,2315
0.31325437668627054,2316
0.3132488361345138,2317
0.31324329539815987,2318
0.31323775448275637,2319
0.3132322133939085,2320
0.31322667213727784,2321
0.3132211307185832,2322
0.31321558914360037,2323
0.3132100474181619,2324
0.3132045055481577,2325
0.31319896353953414,2326
0.31319342139829476,2327
0.3131878791305,2328
0.31318233674226714,2329
0.3131767942397707,2330
0.3131712516292417,2331
0.3131657089169682,2332
0.31316016610929537,2333
0.313154623212625,2334
0.31314908023341576,2335
0.31314353717818355,2336
0.3131379940535008,2337
0.3131324508659969,2338
0.3131269076223581,2339
0.3131213643293277,2340
0.31311582099370544,2341
0.3131102776223484,2342
0.31310473422217006,2343
0.31309919080014115,2344
0.3130936473632889,2345
0.3130881039186974,2346
0.31308256047350774,2347
0.31307701703491775,2348
0.3130714736101821,2349
0.3130659302066121,2350
0.31306038683157583,2351
0.31305484349249857,2352
0.3130493001968619,2353
0.3130437569522045,2354
0.3130382137661216,2355
0.3130326706462654,2356
0.3130271276003447,2357
0.31302158463612517,2358
0.31301604176142916,2359
0.3130104989841357,2360
0.3130049563121807,2361
0.3129994137535568,2362
0.3129938713163133,2363
0.3129883290085561,2364
0.31298278683844816,2365
0.31297724481420874,2366
0.312971702944114,2367
0.31296616123649706,2368
0.3129606196997471,2369
0.3129550783423106,2370
0.3129495371726905,2371
0.3129439961994462,2372
0.31293845543119414,2373
0.3129329148766071,2374
0.31292737454441494,2375
0.3129218344434035,2376
0.31291629458241604,2377
0.31291075497035187,2378
0.3129052156161672,2379
0.3128996765288748,2380
0.3128941377175442,2381
0.31288859919130135,2382
0.3128830609593289,2383
0.3128775230308662,2384
0.312871985415209,2385
0.3128664481217098,2386
0.31286091115977765,2387
0.3128553745388783,2388
0.31284983826853374,2389
0.31284430235832306,2390
0.3128387668178813,2391
0.3128332316569006,2392
0.3128276968851294,2393
0.31282216251237277,2394
0.31281662854849224,2395
0.3128110950034059,2396
0.31280556188708847,2397
0.3128000292095712,2398
0.3127944969809417,2399
0.31278896521134425,2400
0.3127834339109796,2401
0.3127779030901051,2402
0.31277237275903447,2403
0.31276684292813783,2404
0.31276131360784215,2405
0.31275578480863053,2406
0.31275025654104277,2407
0.3127447288156751,2408
0.31273920164318014,2409
0.312733675034267,2410
0.31272814899970136,2411
0.3127226235503053,2412
0.31271709869695724,2413
0.3127115744505922,2414
0.3127060508222015,2415
0.3127005278228331,2416
0.3126950054635911,2417
0.31268948375563627,2418
0.3126839627101857,2419
0.312678442338513,2420
0.3126729226519479,2421
0.31266740366187684,2422
0.31266188537974254,2423
0.31265636781704415,2424
0.3126508509853371,2425
0.31264533489623336,2426
0.3126398195614011,2427
0.312634304992565,2428
0.31262879120150594,2429
0.3126232782000615,2430
0.31261776600012536,2431
0.3126122546136476,2432
0.31260674405263444,2433
0.3126012343291489,2434
0.31259572545531,2435
0.3125902174432931,2436
0.3125847103053299,2437
0.31257920405370876,2438
0.31257369870077384,2439
0.31256819425892585,2440
0.312562690740622,2441
0.3125571881583755,2442
0.3125516865247559,2443
0.3125461858523892,2444
0.3125406861539576,2445
0.3125351874421995,2446
0.31252968972990974,2447
0.31252419302993945,2448
0.31251869735519566,2449
0.3125132027186422,2450
0.3125077091332987,2451
0.3125022166122414,2452
0.31249672516860255,2453
0.3124912348155708,2454
0.31248574556639075,2455
0.31248025743436375,2456
0.3124747704328469,2457
0.3124692845752537,2458
0.31246379987505396,2459
0.31245831634577365,2460
0.31245283400099494,2461
0.31244735285435604,2462
0.31244187291955167,2463
0.3124363942103325,2464
0.31243091674050566,2465
0.3124254405239342,2466
0.31241996557453744,2467
0.31241449190629095,2468
0.3124090195332264,2469
0.31240354846943175,2470
0.31239807872905095,2471
0.3123926103262844,2472
0.3123871432753882,2473
0.312381677590675,2474
0.3123762132865134,2475
0.3123707503773284,2476
0.31236528887760084,2477
0.3123598288018679,2478
0.3123543701647228,2479
0.3123489129808148,2480
0.3123434572648495,2481
0.31233800303158854,2482
0.31233255029584955,2483
0.31232709907250655,2484
0.3123216493764894,2485
0.3123162012227841,2486
0.312310754626433,2487
0.3123053096025341,2488
0.3122998661662421,2489
0.3122944243327673,2490
0.3122889841173761,2491
0.3122835455353914,2492
0.31227810860219174,2493
0.3122726733332118,2494
0.31226723940356566,2495
0.3122618040412038,2496
0.31225636665081113,2497
0.3122509272540273,2498
0.3122454858724145,2499
0.31224004252745763,2500
0.31223459724056396,2501
0.3122291500330638,2502
0.3122237009262097,2503
0.31221824994117714,2504
0.3122127970990639,2505
0.31220734242089104,2506
0.3122018859276014,2507
0.3121964276400613,2508
0.3121909675790591,2509
0.3121855057653063,2510
0.3121800422194369,2511
0.3121745769620074,2512
0.3121691100134974,2513
0.31216364139430897,2514
0.3121581711247668,2515
0.31215269922511857,2516
0.31214722571553427,2517
0.3121417506161072,2518
0.3121362739468528,2519
0.3121307957277097,2520
0.312125315978539,2521
0.3121198347191247,2522
0.31211435196917353,2523
0.3121088677483151,2524
0.3121033820761016,2525
0.3120978949720081,2526
0.31209240645543274,2527
0.3120869165456958,2528
0.3120814252620411,2529
0.3120759326236347,2530
0.3120704386495659,2531
0.31206494335884677,2532
0.312059446770412,2533
0.31205394890311916,2534
0.3120484497757491,2535
0.3120429494070049,2536
0.3120374478155129,2537
0.31203194501982234,2538
0.31202644103840527,2539
0.3120209358896565,2540
0.31201542959189404,2541
0.31200992216335866,2542
0.3120044136222138,2543
0.31199890398654634,2544
0.3119933932743657,2545
0.31198788150360435,2546
0.311982368692118,2547
0.31197685485768467,2548
0.31197134001800597,2549
0.31196582419070634,2550
0.3119603073933331,2551
0.31195478964335654,2552
0.31194927095817,2553
0.31194375135509,2554
0.31193823085135586,2555
0.3119327094641301,2556
0.311927187210498,2557
0.3119216641074683,2558
0.3119161401719726,2559
0.31191061542086534,2560
0.3119050898709245,2561
0.31189956353885073,2562
0.31189403644126806,2563
0.31188850859472333,2564
0.31188298001568693,2565
0.31187745072055195,2566
0.31187192072563474,2567
0.31186639004717487,2568
0.31186085870133506,2569
0.311855326704201,2570
0.3118497940717818,2571
0.31184426082000966,2572
0.31183872696473974,2573
0.31183319252175085,2574
0.31182765750674446,2575
0.31182212193534586,2576
0.311816585823103,2577
0.31181104918548735,2578
0.3118055120378936,2579
0.3117999743956396,2580
0.3117944362739667,2581
0.3117888976880391,2582
0.3117833586529447,2583
0.31177781918369446,2584
0.31177227929522267,2585
0.3117667390023869,2586
0.3117611983199681,2587
0.3117556572626706,2588
0.311750115845122,2589
0.3117445740818732,2590
0.31173903198739855,2591
0.3117334895760957,2592
0.3117279468622856,2593
0.31172240386021277,2594
0.31171686058404496,2595
0.3117113170478735,2596
0.3117057732657129,2597
0.3117002292515014,2598
0.31169468501910036,2599
0.3116891405822948,2600
0.311683595954793,2601
0.31167805115022695,2602
0.31167250618215203,2603
0.3116669610640468,2604
0.31166141580931384,2605
0.31165587043127896,2606
0.3116503249431913,2607
0.3116447793582238,2608
0.311639233689473,2609
0.31163368794995866,2610
0.3116281421526243,2611
0.311622596310337,2612
0.31161705043588733,2613
0.31161150454198955,2614
0.3116059586412815,2615
0.3116004127463247,2616
0.3115948668696039,2617
0.3115893210235279,2618
0.31158377522042896,2619
0.31157822947256303,2620
0.3115726837921098,2621
0.3115671381911722,2622
0.31156159268177747,2623
0.31155604727587616,2624
0.3115505019853425,2625
0.31154495682197453,2626
0.31153941179749406,2627
0.3115338669235465,2628
0.311528322211701,2629
0.31152277767345055,2630
0.3115172333202119,2631
0.3115116891633255,2632
0.31150614521405556,2633
0.3115006014835902,2634
0.3114950579830411,2635
0.31148951472344416,2636
0.31148397171575865,2637
0.31147842897086797,2638
0.31147288649957916,2639
0.3114673443126234,2640
0.3114618024206554,2641
0.31145626083425393,2642
0.3114507195639215,2643
0.3114451786200848,2644
0.3114396380130942,2645
0.3114340977532239,2646
0.3114285578506722,2647
0.3114230183155614,2648
0.3114174791579375,2649
0.31141194038777065,2650
0.31140640201495473,2651
0.31140086404930795,2652
0.31139532650057233,2653
0.3113897893784137,2654
0.3113842526924223,2655
0.311378716452112,2656
0.31137318066692105,2657
0.31136764534621125,2658
0.3113621104992691,2659
0.3113565761353045,2660
0.3113510422634519,2661
0.31134550889276974,2662
0.31133997603224034,2663
0.3113344436907703,2664
0.3113289118771903,2665
0.3113233806002551,2666
0.3113178498686437,2667
0.3113123196909591,2668
0.3113067900757286,2669
0.3113012610314035,2670
0.31129573256635945,2671
0.3112902046888961,2672
0.31128467740723764,2673
0.31127915072953205,2674
0.3112736246638516,2675
0.31126809921819315,2676
0.31126257440047733,2677
0.3112570502185494,2678
0.3112515266801785,2679
0.31124600379305845,2680
0.31124048156480705,2681
0.3112349600029665,2682
0.3112294391150033,2683
0.31122391890830836,2684
0.3112183993901966,2685
0.3112128805679077,2686
0.31120736244860525,2687
0.31120184503937764,2688
0.31119632834723715,2689
0.3111908123791209,2690
0.31118529714188997,2691
0.31117978264233015,2692
0.31117426888715155,2693
0.31116875588298853,2694
0.31116324363640024,2695
0.3111577321538698,2696
0.3111522214418053,2697
0.3111467115065387,2698
0.3111412023543269,2699
0.31113569399135116,2700
0.311130186423717,2701
0.31112467965745483,2702
0.3111191736985192,2703
0.3111136685527895,2704
0.3111081642260694,2705
0.31110266072408727,2706
0.3110971580524958,2707
0.3110916562168726,2708
0.31108615522271965,2709
0.31108065507546345,2710
0.31107515578045525,2711
0.3110696573429707,2712
0.3110641597682102,2713
0.3110586630612988,2714
0.3110531672272863,2715
0.3110476722711468,2716
0.3110421781977793,2717
0.31103668501200726,2718
0.3110311927185791,2719
0.31102570132216795,2720
0.31102021082737125,2721
0.3110147212387113,2722
0.3110092325606354,2723
0.3110037447975153,2724
0.31099825795364755,2725
0.3109927720332534,2726
0.31098728704047884,2727
0.31098180297939493,2728
0.31097631985399704,2729
0.3109708376682057,2730
0.3109653564258661,2731
0.31095987613074816,2732
0.3109543967865466,2733
0.31094891839688127,2734
0.31094344096529647,2735
0.3109379644952618,2736
0.3109324889901711,2737
0.3109270144533437,2738
0.3109215408880233,2739
0.3109160682973789,2740
0.31091059668450427,2741
0.3109051260524179,2742
0.3108996564040634,2743
0.31089418774230937,2744
0.31088872006994905,2745
0.3108832533897009,2746
0.3108777877042082,2747
0.31087232301603934,2748
0.31086685932768754,2749
0.31086139664157114,2750
0.3108559349600334,2751
0.31085047428534257,2752
0.3108450146196919,2753
0.3108395559651998,2754
0.31083409832390974,2755
0.31082864169778984,2756
0.3108231860887338,2757
0.3108177314985604,2758
0.3108122779290128,2759
0.31080682538175997,2760
0.3108013738583957,2761
0.31079592336043893,2762
0.3107904738893336,2763
0.31078502544644915,2764
0.31077957803307965,2765
0.31077413165044454,2766
0.3107686862996887,2767
0.3107632419818816,2768
0.31075779869801845,2769
0.3107523564490194,2770
0.3107469152357296,2771
0.3107414750589198,2772
0.3107360359192857,2773
0.3107305978174483,2774
0.3107251607539539,2775
0.31071972472927395,2776
0.3107142897438052,2777
0.3107088557978695,2778
0.31070342289171443,2779
0.3106979910255123,2780
0.31069256019936115,2781
0.31068713041328416,2782
0.31068170166722964,2783
0.31067627396107145,2784
0.3106708472946089,2785
0.3106654216675662,2786
0.3106599970795934,2787
0.31065457353026554,2788
0.31064915101908336,2789
0.31064372954547265,2790
0.31063830910878487,2791
0.3106328897082966,2792
0.31062747134321017,2793
0.31062205401265297,2794
0.31061663771567827,2795
0.3106112224512643,2796
0.3106058082183149,2797
0.31060039501565956,2798
0.310594982842053,2799
0.31058957169617557,2800
0.310584161576633,2801
0.31057875248195654,2802
0.310573344410603,2803
0.3105679373609546,2804
0.3105625313313193,2805
0.31055712631993027,2806
0.31055172232494643,2807
0.31054631934445237,2808
0.31054091737645784,2809
0.3105355164188987,2810
0.3105301164696358,2811
0.31052471752645605,2812
0.31051931958707185,2813
0.31051392264912103,2814
0.31050852671016715,2815
0.31050313176769945,2816
0.31049773781913265,2817
0.3104923448618073,2818
0.3104869528929896,2819
0.31048156190987125,2820
0.3104761719095698,2821
0.31047078288912816,2822
0.31046539484551544,2823
0.310460007775626,2824
0.31045462167628013,2825
0.3104492365442238,2826
0.31044385237612876,2827
0.3104384691685923,2828
0.31043308691813787,2829
0.3104277056212141,2830
0.3104223252741958,2831
0.3104169458733836,2832
0.31041156741500353,2833
0.3104061898952077,2834
0.3104008133100741,2835
0.3103954376556061,2836
0.3103900629277335,2837
0.3103846891223115,2838
0.31037931623512116,2839
0.31037394426186954,2840
0.3103685731981895,2841
0.3103632030396398,2842
0.31035783378170506,2843
0.3103524654197956,2844
0.31034709794924786,2845
0.3103417313653242,2846
0.3103363656632128,2847
0.31033100083802767,2848
0.3103256368848089,2849
0.3103202737985224,2850
0.31031491157406016,2851
0.31030955020624,2852
0.3103041896898059,2853
0.3102988300194276,2854
0.31029347118970074,2855
0.3102881131951473,2856
0.31028275603021505,2857
0.3102773996892777,2858
0.31027204416663523,2859
0.31026668945651337,2860
0.310261335553064,2861
0.31025598245036506,2862
0.3102506301424207,2863
0.31024527862316076,2864
0.3102399278864415,2865
0.3102345779260451,2866
0.31022922873567976,2867
0.31022388030898,2868
0.31021853263950633,2869
0.3102131857207454,2870
0.31020783954610986,2871
0.3102024941089388,2872
0.31019714940249693,2873
0.31019180541997576,2874
0.31018646215449247,2875
0.31018111959909067,2876
0.31017577774673993,2877
0.31017043659033633,2878
0.3101650961227019,2879
0.3101597563365849,2880
0.31015441722465986,2881
0.3101490787795276,2882
0.31014374099371506,2883
0.31013840385967534,2884
0.3101330673697881,2885
0.310127731516359,2886
0.31012239629162003,2887
0.3101170616877295,2888
0.310111727696772,2889
0.31010639431075826,2890
0.31010106152162564,2891
0.3100957293212376,2892
0.3100903977013839,2893
0.31008506665378077,2894
0.3100797361700706,2895
0.31007440624182225,2896
0.3100690768605309,2897
0.31006374801761827,2898
0.3100584197044321,2899
0.3100530919122469,2900
0.31004776463226336,2901
0.3100424378556085,2902
0.3100371115733359,2903
0.31003178577642565,2904
0.3100264604557841,2905
0.310021135602244,2906
0.3100158112065647,2907
0.3100104872594319,2908
0.31000516375145787,2909
0.30999984067318137,2910
0.30999451801506744,2911
0.30998919576750783,2912
0.3099838739208208,2913
0.3099785524652508,2914
0.3099732313909692,2915
0.3099679106880737,2916
0.3099625903465888,2917
0.30995727035646486,2918
0.30995195070757964,2919
0.3099466313897369,2920
0.30994131239266726,2921
0.3099359937060279,2922
0.30993067531940244,2923
0.30992535722230113,2924
0.3099200394041609,2925
0.30991472185434543,2926
0.3099094045621448,2927
0.30990408751677584,2928
0.3098987707073819,2929
0.3098934541230334,2930
0.3098881377527268,2931
0.3098828215853856,2932
0.3098775056098602,2933
0.3098721898149273,2934
0.3098668741892903,2935
0.3098615587215797,2936
0.30985624340035234,2937
0.30985092821409194,2938
0.30984561315120895,2939
0.3098402982000407,2940
0.309834983348851,2941
0.30982966858583066,2942
0.30982435389909724,2943
0.3098190392766949,2944
0.3098137247065948,2945
0.3098084101766949,2946
0.3098030956748199,2947
0.30979778118872137,2948
0.30979246670607746,2949
0.3097871522144937,2950
0.309781837701502,2951
0.3097765231545614,2952
0.3097712085610576,2953
0.3097658939083033,2954
0.3097605791835382,2955
0.3097552643739287,2956
0.3097499494665681,2957
0.30974463444847683,2958
0.30973931930660215,2959
0.30973400402781825,2960
0.3097286885989262,2961
0.3097233730066542,2962
0.3097180572376571,2963
0.3097127412785171,2964
0.30970742511574323,2965
0.30970210873577153,2966
0.30969679212496504,2967
0.30969147526961355,2968
0.3096861581559344,2969
0.30968084077007174,2970
0.30967552309809654,2971
0.30967020512600707,2972
0.30966488683972865,2973
0.3096595682251137,2974
0.30965424926794155,2975
0.30964892995391885,2976
0.30964361026867904,2977
0.3096382901977831,2978
0.30963296972671894,2979
0.3096276488409014,2980
0.3096223275256727,2981
0.30961700576630224,2982
0.3096116835479865,2983
0.3096063608558492,2984
0.3096010376749412,2985
0.3095957139902404,2986
0.30959038978665215,2987
0.30958506504900896,2988
0.3095797397620706,2989
0.3095744139105239,2990
0.3095690874789832,2991
0.30956376045198986,2992
0.3095584328140127,2993
0.3095531045494475,2994
0.309547775642618,2995
0.30954244607777437,2996
0.30953711583909477,2997
0.30953178491068434,2998
0.30952645327657574,2999
0.3095211209207289,3000
0.309515787827031,3001
0.3095104539792968,3002
0.3095051193612682,3003
0.30949978395661465,3004
0.30949444774893303,3005
0.30948911072174745,3006
0.3094837728585097,3007
0.3094784341425986,3008
0.3094730945573209,3009
0.3094677540859106,3010
0.30946241271152886,3011
0.3094570704172647,3012
0.3094517271861348,3013
0.3094463830010826,3014
0.3094410378449798,3015
0.30943569170062524,3016
0.30943034455074536,3017
0.3094249963779942,3018
0.30941964716495335,3019
0.3094142968941318,3020
0.30940894554796633,3021
0.3094035931088213,3022
0.3093982395589886,3023
0.30939288488068756,3024
0.3093875290560655,3025
0.3093821720671971,3026
0.3093768138960849,3027
0.3093714545246588,3028
0.30936609393477665,3029
0.3093607321082239,3030
0.30935536902671357,3031
0.3093500046718867,3032
0.30934463902531173,3033
0.30933927206848494,3034
0.3093339037828304,3035
0.3093285341496999,3036
0.309323163150373,3037
0.30931779076605703,3038
0.3093124169778872,3039
0.30930704176692647,3040
0.3093016651141654,3041
0.30929628700052286,3042
0.30929090740684523,3043
0.30928552631390666,3044
0.30928014370240947,3045
0.30927475955298367,3046
0.30926937384618713,3047
0.30926398656250587,3048
0.3092585976823536,3049
0.30925320718607185,3050
0.3092478150539306,3051
0.3092424212661273,3052
0.30923702580278756,3053
0.30923162864396486,3054
0.3092262297696409,3055
0.30922082915972543,3056
0.3092154267940557,3057
0.3092100226523977,3058
0.30920461671444494,3059
0.3091992089598193,3060
0.30919379936807057,3061
0.3091883879186769,3062
0.30918297459104405,3063
0.3091775593645065,3064
0.3091721422183265,3065
0.30916672313169435,3066
0.309161302083729,3067
0.30915587905347697,3068
0.3091504540199135,3069
0.3091450269619416,3070
0.3091395978583929,3071
0.30913416668802707,3072
0.30912873342953195,3073
0.30912329806152367,3074
0.3091178605625469,3075
0.3091124209110743,3076
0.30910697956493766,3077
0.309101542756992,3078
0.3090961123921854,3079
0.3090906884462271,3080
0.3090852708948749,3081
0.3090798597139344,3082
0.3090744548792593,3083
0.30906905636675114,3084
0.3090636641523599,3085
0.30905827821208326,3086
0.309052898521967,3087
0.30904752505810473,3088
0.3090421577966383,3089
0.30903679671375733,3090
0.309031441785699,3091
0.30902609298874917,3092
0.30902075029924087,3093
0.30901541369355523,3094
0.30901008314812134,3095
0.309004758639416,3096
0.3089994401439638,3097
0.30899412763833717,3098
0.30898882109915626,3099
0.30898352050308897,3100
0.30897822582685097,3101
0.3089729370472057,3102
0.3089676541409642,3103
0.30896237708498514,3104
0.30895710585617514,3105
0.30895184043148805,3106
0.3089465807879257,3107
0.30894132690253745,3108
0.3089360787524201,3109
0.3089308363147181,3110
0.30892559956662374,3111
0.3089203684853764,3112
0.3089151430482634,3113
0.3089099232326192,3114
0.30890470901582606,3115
0.3088995003753136,3116
0.3088942972885589,3117
0.30888909973308654,3118
0.30888390768646856,3119
0.30887872112632414,3120
0.30887354003032036,3121
0.3088683643761711,3122
0.30886319414163826,3123
0.30885802930453043,3124
0.3088528698427041,3125
0.3088477157340627,3126
0.30884256695655726,3127
0.30883742348818577,3128
0.30883228530699386,3129
0.3088271523910741,3130
0.3088220247185665,3131
0.30881690226765834,3132
0.3088117850165839,3133
0.308806672943625,3134
0.3088015660271103,3135
0.3087964642454157,3136
0.3087913675769645,3137
0.30878627600022696,3138
0.30878118949372046,3139
0.30877610803600947,3140
0.3087710316057057,3141
0.30876596018146774,3142
0.30876089374200166,3143
0.30875583226606,3144
0.3087507757324428,3145
0.3087457241199969,3146
0.30874067740761635,3147
0.30873563557424194,3148
0.30873059859886187,3149
0.30872556646051075,3150
0.3087205391382705,3151
0.30871551661127006,3152
0.30871049885868507,3153
0.3087054858597383,3154
0.3087004775936991,3155
0.30869547403988434,3156
0.30869047517765696,3157
0.30868548098642734,3158
0.30868049144565257,3159
0.30867550653483655,3160
0.30867052623353,3161
0.30866555052133043,3162
0.3086605793778823,3163
0.3086556127828768,3164
0.3086506507160517,3165
0.30864569315719176,3166
0.30864074008612846,3167
0.30863579148273984,3168
0.308630847326951,3169
0.30862590759873343,3170
0.30862097227810553,3171
0.3086160413451323,3172
0.30861111477992537,3173
0.30860619256264304,3174
0.30860127467349063,3175
0.3085963610927195,3176
0.3085914518006279,3177
0.3085865467775609,3178
0.3085816460039099,3179
0.3085767494601131,3180
0.3085718571266551,3181
0.3085669689840671,3182
0.3085620850129269,3183
0.30855720519385904,3184
0.3085523295075342,3185
0.30854745793466987,3186
0.3085425904560299,3187
0.3085377270524248,3188
0.30853286770471144,3189
0.30852801239379324,3190
0.30852316110062006,3191
0.30851831380618816,3192
0.30851347049154026,3193
0.3085086311377657,3194
0.308503795726,3195
0.3084989642374251,3196
0.3084941366532696,3197
0.30848931295480814,3198
0.30848449312336207,3199
0.3084796771402989,3200
0.30847486498703247,3201
0.30847005664502314,3202
0.30846525209577746,3203
0.30846045132084843,3204
0.30845565430183514,3205
0.3084508610203833,3206
0.30844607145818476,3207
0.3084412855969775,3208
0.30843650341854606,3209
0.308431724904721,3210
0.3084269500373793,3211
0.3084221787984441,3212
0.30841741116988486,3213
0.3084126471337171,3214
0.30840788667200264,3215
0.3084031297668497,3216
0.3083983764004123,3217
0.30839362655489094,3218
0.30838888021253225,3219
0.3083841373556289,3220
0.3083793979665198,3221
0.30837466202759006,3222
0.30836992952127085,3223
0.3083652004300394,3224
0.30836047473641925,3225
0.30835575242297986,3226
0.3083510334723369,3227
0.30834631786715205,3228
0.308341605590133,3229
0.30833689662403385,3230
0.30833219095165443,3231
0.3083274885558405,3232
0.3083227894194845,3233
0.3083180935255241,3234
0.3083134008569435,3235
0.30830871139677274,3236
0.308304025128088,3237
0.3082993420340114,3238
0.3082946620977107,3239
0.30828998530240037,3240
0.30828531163134015,3241
0.30828064106783604,3242
0.3082759735952401,3243
0.3082713091969501,3244
0.3082666478564099,3245
0.3082619895571091,3246
0.3082573342825835,3247
0.30825268201641454,3248
0.3082480327422298,3249
0.30824338644370247,3250
0.30823874310455196,3251
0.3082341027085432,3252
0.30822946523948724,3253
0.30822483068124085,3254
0.30822019901770686,3255
0.3082155702328336,3256
0.3082109443106155,3257
0.30820632123509273,3258
0.3082017009903512,3259
0.30819708356052283,3260
0.30819246892978513,3261
0.30818785708236146,3262
0.3081832480025211,3263
0.3081786416745789,3264
0.3081740380828956,3265
0.30816943721187773,3266
0.30816483904597736,3267
0.30816024356969257,3268
0.30815565076756707,3269
0.3081510606241903,3270
0.30814647312419724,3271
0.308141888252269,3272
0.30813730599313205,3273
0.3081327263315586,3274
0.30812814925236665,3275
0.30812357474041985,3276
0.3081190027806276,3277
0.30811443335794464,3278
0.30810986645737176,3279
0.30810530206395526,3280
0.30810074016278705,3281
0.3080961807390047,3282
0.3080916237777913,3283
0.3080870692643759,3284
0.30808251718403273,3285
0.308077967522082,3286
0.30807342026388923,3287
0.3080688753948657,3288
0.30806433290046814,3289
0.30805979276619916,3290
0.3080552549776065,3291
0.30805071952028384,3292
0.30804618637987025,3293
0.3080416555420504,3294
0.3080371269925542,3295
0.3080326007171577,3296
0.3080280767016821,3297
0.30802355493199407,3298
0.3080190353940058,3299
0.30801451807367536,3300
0.30801000295700576,3301
0.30800549003004607,3302
0.30800097927889025,3303
0.3079964706896782,3304
0.30799196424859515,3305
0.3079874599418719,3306
0.3079829577557843,3307
0.30797845767665427,3308
0.30797395969084873,3309
0.3079694637847801,3310
0.30796496994490635,3311
0.30796047815773075,3312
0.3079559884098023,3313
0.307951500687715,3314
0.30794701497810845,3315
0.3079425312676676,3316
0.30793804954312287,3317
0.30793356979125014,3318
0.30792909199887036,3319
0.30792461615285016,3320
0.3079201422401014,3321
0.30791567024758126,3322
0.3079112001622925,3323
0.3079067319712828,3324
0.30790226566164575,3325
0.30789780122051985,3326
0.307893338635089,3327
0.3078888778925825,3328
0.307884418980275,3329
0.3078799618854862,3330
0.30787550659558166,3331
0.3078710530979715,3332
0.30786660138011185,3333
0.30786215142950346,3334
0.30785770323369305,3335
0.30785325678027187,3336
0.3078488120568771,3337
0.3078443690511907,3338
0.30783992775094027,3339
0.3078354881438983,3340
0.30783105021788276,3341
0.3078266139607569,3342
0.3078221793604288,3343
0.3078177464048523,3344
0.3078133150820261,3345
0.3078088853799942,3346
0.30780445728684586,3347
0.30780003079071555,3348
0.30779560587978283,3349
0.30779118254227256,3350
0.30778676076645467,3351
0.3077823405406443,3352
0.30777792185320185,3353
0.30777350469253284,3354
0.3077690890470877,3355
0.3077646749053626,3356
0.30776026225589825,3357
0.3077558510872808,3358
0.30775144138814153,3359
0.3077470331471568,3360
0.30774262635304805,3361
0.3077382209945819,3362
0.30773381706057007,3363
0.3077294145398694,3364
0.3077250134213818,3365
0.3077206136940543,3366
0.307716215346879,3367
0.30771181836889305,3368
0.30770742274917867,3369
0.30770302847686337,3370
0.30769863554111954,3371
0.30769424393116457,3372
0.307689853636261,3373
0.30768546464571644,3374
0.30768107694888347,3375
0.3076766905351597,3376
0.30767230539398804,3377
0.30766792151485606,3378
0.30766353888729636,3379
0.3076591575008869,3380
0.3076547773452505,3381
0.3076503984100547,3382
0.3076460206850125,3383
0.3076416441598815,3384
0.3076372688244646,3385
0.3076328946686094,3386
0.30762852168220883,3387
0.3076241498552004,3388
0.30761977917756683,3389
0.3076154096393357,3390
0.30761104123057964,3391
0.3076066739414162,3392
0.30760230776200786,3393
0.3075979426825619,3394
0.3075935786933309,3395
0.307589215784612,3396
0.30758485394674745,3397
0.30758049317012426,3398
0.30757613344517465,3399
0.30757177476237535,3400
0.3075674171122484,3401
0.3075630604853604,3402
0.3075587048723231,3403
0.307554350263793,3404
0.3075499966504714,3405
0.3075456440231047,3406
0.30754129237248407,3407
0.30753694168944545,3408
0.30753259196486965,3409
0.3075282431896826,3410
0.30752389535485475,3411
0.3075195484514015,3412
0.30751520247038316,3413
0.3075108574029048,3414
0.30750651324011646,3415
0.3075021699732128,3416
0.30749782759343336,3417
0.30749348609206245,3418
0.3074891454604295,3419
0.3074848056899083,3420
0.30748046677191776,3421
0.3074761286979214,3422
0.3074717914594275,3423
0.30746745504798934,3424
0.3074631194552049,3425
0.3074587846727167,3426
0.3074544506922124,3427
0.30745011750542395,3428
0.30744578510412857,3429
0.3074414534801479,3430
0.30743712262534845,3431
0.3074327925316414,3432
0.3074284631909827,3433
0.30742413459537304,3434
0.3074198067368579,3435
0.3074154796075273,3436
0.3074111531995161,3437
0.307406827505004,3438
0.307402502516215,3439
0.3073981782254182,3440
0.3073938546249273,3441
0.3073895317071004,3442
0.30738520946434084,3443
0.3073808878890962,3444
0.30737656697385873,3445
0.30737224671116553,3446
0.30736792709359834,3447
0.3073636081137836,3448
0.30735928976439214,3449
0.3073549720381398,3450
0.30735065492778674,3451
0.307346338426138,3452
0.30734202252604315,3453
0.30733770722039644,3454
0.3073333925021365,3455
0.30732907836424705,3456
0.3073247647997559,3457
0.3073204518017359,3458
0.3073161393633041,3459
0.3073118274776226,3460
0.3073075161378978,3461
0.30730320533738065,3462
0.30729889506936686,3463
0.30729458532719656,3464
0.3072902761042545,3465
0.30728596739397024,3466
0.3072816591898174,3467
0.30727735148531465,3468
0.3072730442740249,3469
0.3072687375495557,3470
0.30726443130555914,3471
0.3072601255357319,3472
0.30725582023381515,3473
0.30725151539359447,3474
0.3072472110089003,3475
0.3072429070736071,3476
0.3072386035816343,3477
0.30723430052694556,3478
0.3072299979035491,3479
0.30722569570549774,3480
0.30722139392688874,3481
0.30721709256186375,3482
0.3072127916046089,3483
0.307208491049355,3484
0.307204190890377,3485
0.3071998911219948,3486
0.30719559173857225,3487
0.30719129273451784,3488
0.30718699410428474,3489
0.3071826958423702,3490
0.30717839794331625,3491
0.30717410040170895,3492
0.3071698032121792,3493
0.30716550636940204,3494
0.3071612098680972,3495
0.30715691370302844,3496
0.30715261786900433,3497
0.30714832236087763,3498
0.3071440271735454,3499
0.3071397323019495,3500
0.3071354377410756,3501
0.30713114348595416,3502
0.30712684953166014,3503
0.30712255587331233,3504
0.30711826250607444,3505
0.30711396942515423,3506
0.30710967662580396,3507
0.30710538410332006,3508
0.3071010918530436,3509
0.30709679987035965,3510
0.30709250815069794,3511
0.30708821668953235,3512
0.3070839254823812,3513
0.30707963452480697,3514
0.30707534381241647,3515
0.3070710533408611,3516
0.3070667631058362,3517
0.3070624731030817,3518
0.3070581833283817,3519
0.30705389377756453,3520
0.30704960444650287,3521
0.3070453153311138,3522
0.3070410264273585,3523
0.30703673773124246,3524
0.30703244923881545,3525
0.30702816094617164,3526
0.30702387284944915,3527
0.3070195849448308,3528
0.3070152972285431,3529
0.30701100969685724,3530
0.30700672234608845,3531
0.30700243517259634,3532
0.3069981481727844,3533
0.30699386134310086,3534
0.30698957468003774,3535
0.30698528818013143,3536
0.3069810018399626,3537
0.3069767156561558,3538
0.3069724296253802,3539
0.30696814374434894,3540
0.3069638580098194,3541
0.30695957241859295,3542
0.30695528696751545,3543
0.3069510016534767,3544
0.30694671647341076,3545
0.3069424314242959,3546
0.3069381465031541,3547
0.3069338617070523,3548
0.30692957703310086,3549
0.30692529247845474,3550
0.30692100804031275,3551
0.30691672371591777,3552
0.3069124395025572,3553
0.30690815539756217,3554
0.30690387139830816,3555
0.3068995875022144,3556
0.3068953037067448,3557
0.3068910200094069,3558
0.3068867364077523,3559
0.30688245289937716,3560
0.30687816948192126,3561
0.3068738861530685,3562
0.30686960291054727,3563
0.3068653197521295,3564
0.30686103667563136,3565
0.30685675367891313,3566
0.3068524707598792,3567
0.3068481879164779,3568
0.3068439051467016,3569
0.30683962244858665,3570
0.30683533982021355,3571
0.3068310572597068,3572
0.30682677476523484,3573
0.30682249233501013,3574
0.30681820996728937,3575
0.3068139276603728,3576
0.3068096454126051,3577
0.30680536322237467,3578
0.30680108108811405,3579
0.30679679900829954,3580
0.3067925169814518,3581
0.30678823500613506,3582
0.30678395308095785,3583
0.3067796712045723,3584
0.3067753893756747,3585
0.30677110759300547,3586
0.30676682585534853,3587
0.30676254416153215,3588
0.3067582625104283,3589
0.306753980900953,3590
0.3067496993320661,3591
0.3067454178027713,3592
0.30674113631211647,3593
0.3067368548591931,3594
0.3067325734431368,3595
0.30672829206312696,3596
0.30672401071838684,3597
0.30671972940818365,3598
0.30671544813182855,3599
0.3067111668886763,3600
0.30670688567812576,3601
0.3067026044996196,3602
0.30669832335264446,3603
0.30669404223673064,3604
0.3066897611514523,3605
0.3066854800964276,3606
0.30668119907131836,3607
0.30667691807583036,3608
0.30667263710971326,3609
0.30666835617276017,3610
0.30666407526480854,3611
0.3066597943857393,3612
0.30665551353547715,3613
0.30665123271399086,3614
0.30664695192129277,3615
0.30664267115743904,3616
0.3066383904225295,3617
0.3066341097167081,3618
0.3066298290401624,3619
0.3066255483931235,3620
0.30662126777586657,3621
0.30661698718871017,3622
0.30661270663201723,3623
0.3066084261061937,3624
0.30660414561168986,3625
0.30659986514899934,3626
0.3065955847186596,3627
0.3065913043212521,3628
0.30658702395740145,3629
0.30658274362777643,3630
0.3065784633330895,3631
0.3065741830740966,3632
0.30656990285159746,3633
0.3065656226664357,3634
0.30656134251949824,3635
0.3065570624117158,3636
0.3065527823440633,3637
0.3065485023175584,3638
0.3065442223332634,3639
0.30653994239228327,3640
0.30653566249576747,3641
0.3065313826449086,3642
0.3065271028409431,3643
0.30652282308515116,3644
0.30651854337885637,3645
0.3065142637234261,3646
0.3065099841202711,3647
0.3065057045708459,3648
0.306501425076649,3649
0.30649714563922187,3650
0.3064928662601499,3651
0.30648858694106207,3652
0.30648430768363094,3653
0.30648002848957256,3654
0.30647574936064664,3655
0.30647147029865657,3656
0.306467191305449,3657
0.3064629123829144,3658
0.3064586335329868,3659
0.30645435475764354,3660
0.3064500760589058,3661
0.30644579743883804,3662
0.30644151889954857,3663
0.3064372404431888,3664
0.30643296207195403,3665
0.3064286837880829,3666
0.30642440559385764,3667
0.30642012749160397,3668
0.306415849483691,3669
0.30641157157253157,3670
0.3064072937605817,3671
0.3064030160503412,3672
0.30639873844435317,3673
0.3063944609452043,3674
0.30639018355552455,3675
0.3063859062779876,3676
0.30638162911531047,3677
0.30637735207025363,3678
0.30637307514562095,3679
0.30636879834425973,3680
0.30636452166906086,3681
0.30636024512295856,3682
0.30635596870893056,3683
0.30635169241955856,3684
0.30634741616781996,3685
0.3063431399335476,3686
0.3063388637167346,3687
0.306334587517374,3688
0.3063303113354594,3689
0.3063260351709842,3690
0.3063217590239421,3691
0.30631748289432686,3692
0.3063132067821326,3693
0.3063089306873534,3694
0.3063046546099836,3695
0.3063003785500177,3696
0.30629610250745015,3697
0.30629182648227615,3698
0.30628755047449024,3699
0.3062832744840878,3700
0.3062789985110641,3701
0.3062747225554146,3702
0.30627044661713476,3703
0.3062661706962205,3704
0.3062618947926677,3705
0.30625761890647246,3706
0.30625334303763113,3707
0.30624906718614,3708
0.3062447913519958,3709
0.30624051553519516,3710
0.30623623973573505,3711
0.3062319639536126,3712
0.30622768818882495,3713
0.3062234124413697,3714
0.3062191367112441,3715
0.30621486099844625,3716
0.3062105853029739,3717
0.30620630962482515,3718
0.3062020339639982,3719
0.30619775832049145,3720
0.3061934826943034,3721
0.30618920708543296,3722
0.306184931493879,3723
0.30618065591964044,3724
0.3061763803627167,3725
0.30617210482310697,3726
0.30616782930081105,3727
0.30616355379582866,3728
0.3061592783081595,3729
0.3061550028378038,3730
0.3061507273847617,3731
0.3061464519490336,3732
0.30614217653062026,3733
0.3061379011295223,3734
0.3061336257457406,3735
0.30612935037927635,3736
0.30612507503013076,3737
0.30612079969830513,3738
0.3061165243838012,3739
0.3061122490866206,3740
0.30610797380676547,3741
0.3061036985442377,3742
0.30609942329903966,3743
0.3060951480711738,3744
0.30609087286064257,3745
0.306086597667449,3746
0.3060823224915959,3747
0.3060780473330864,3748
0.3060737721919239,3749
0.30606949706811176,3750
0.30606522196165364,3751
0.30606094687255325,3752
0.30605667180081475,3753
0.3060523967464423,3754
0.3060481217094402,3755
0.30604384668981277,3756
0.30603957168756485,3757
0.3060352967027013,3758
0.3060310217352271,3759
0.30602674678514746,3760
0.30602247185246767,3761
0.30601819693719345,3762
0.30601392203933037,3763
0.3060096471588843,3764
0.3060053722958614,3765
0.3060010974502679,3766
0.3059968226221102,3767
0.3059925478113949,3768
0.30598827301812875,3769
0.3059839982423187,3770
0.3059797234839718,3771
0.30597544874309546,3772
0.3059711740196971,3773
0.3059668993137843,3774
0.305962624625365,3775
0.30595834995444715,3776
0.30595407530103885,3777
0.3059498006651487,3778
0.30594552604678493,3779
0.3059412514459564,3780
0.305936976862672,3781
0.30593270229694075,3782
0.3059284277487719,3783
0.3059241532181749,3784
0.30591987870515935,3785
0.30591560420973496,3786
0.30591132973191176,3787
0.30590705527169987,3788
0.3059027808291096,3789
0.3058985064041514,3790
0.3058942319968361,3791
0.30588995760717436,3792
0.3058856832351774,3793
0.3058814088808562,3794
0.3058771345442224,3795
0.30587286022528737,3796
0.305868585924063,3797
0.30586431164056116,3798
0.3058600373747941,3799
0.3058557631267739,3800
0.3058514888965133,3801
0.3058472146840248,3802
0.3058429404893212,3803
0.30583866631241574,3804
0.3058343921533214,3805
0.3058301180120517,3806
0.3058258438886202,3807
0.30582156978304065,3808
0.3058172956953269,3809
0.30581302162549334,3810
0.305808747573554,3811
0.30580447353952345,3812
0.3058001995234165,3813
0.3057959255252478,3814
0.3057916515450326,3815
0.30578737758278607,3816
0.3057831036385235,3817
0.3057788297122607,3818
0.30577455580401336,3819
0.3057702819137973,3820
0.30576600804162896,3821
0.30576173418752445,3822
0.3057574603515005,3823
0.30575318653357353,3824
0.3057489127337607,3825
0.3057446389520791,3826
0.3057403651885459,3827
0.30573609144317854,3828
0.30573181771599484,3829
0.30572754400701246,3830
0.3057232703162494,3831
0.3057189966437241,3832
0.3057147229894546,3833
0.3057104493534599,3834
0.3057061757357586,3835
0.3057019021363695,3836
0.30569762855531196,3837
0.30569335499260525,3838
0.30568908144826906,3839
0.30568480792232283,3840
0.30568053441478654,3841
0.3056762609256805,3842
0.30567198745502483,3843
0.30566771400283993,3844
0.3056634405691467,3845
0.3056591671539658,3846
0.3056548937573184,3847
0.3056506203792257,3848
0.3056463470197091,3849
0.3056420736787903,3850
0.30563780035649113,3851
0.3056335270528335,3852
0.3056292537678396,3853
0.305624980501532,3854
0.3056207072539331,3855
0.30561643402506566,3856
0.3056121608149528,3857
0.3056078876236176,3858
0.3056036144510835,3859
0.305599341297374,3860
0.3055950681625127,3861
0.3055907950465238,3862
0.3055865219494312,3863
0.30558224887125934,3864
0.30557797581203267,3865
0.305573702771776,3866
0.3055694297505141,3867
0.3055651567482722,3868
0.3055608837650755,3869
0.3055566108009496,3870
0.3055523378559201,3871
0.30554806493001296,3872
0.30554379202325416,3873
0.30553951913567007,3874
0.3055352462672871,3875
0.3055309734181319,3876
0.30552670058823134,3877
0.30552242777761257,3878
0.3055181549863028,3879
0.30551388221432946,3880
0.30550960946172023,3881
0.3055053367285029,3882
0.3055010640147056,3883
0.30549679132035645,3884
0.30549251864548416,3885
0.30548824599011704,3886
0.3054839733542841,3887
0.3054797007380144,3888
0.3054754281413371,3889
0.3054711555642817,3890
0.30546688300687785,3891
0.30546261046915535,3892
0.30545833795114424,3893
0.30545406545287473,3894
0.30544979297437724,3895
0.3054455205156825,3896
0.3054412480768213,3897
0.30543697565782457,3898
0.3054327032587238,3899
0.30542843087955024,3900
0.30542415852033555,3901
0.3054198861811116,3902
0.3054156138619104,3903
0.3054113415627642,3904
0.30540706928370553,3905
0.3054027970247671,3906
0.30539852478598134,3907
0.3053942525673818,3908
0.3053899803690015,3909
0.305385708190874,3910
0.30538143603303286,3911
0.305377163895512,3912
0.3053728917783456,3913
0.3053686196815677,3914
0.30536434760521297,3915
0.30536007554931593,3916
0.30535580351391167,3917
0.30535153149903516,3918
0.3053472595047217,3919
0.30534298753100686,3920
0.30533871557792625,3921
0.3053344436455158,3922
0.3053301717338118,3923
0.3053258998428503,3924
0.30532162797266804,3925
0.30531735612330163,3926
0.30531308429478804,3927
0.30530881248716446,3928
0.30530454070046825,3929
0.30530026893473694,3930
0.3052959971900084,3931
0.3052917254663204,3932
0.3052874537637113,3933
0.3052831820822194,3934
0.3052789104218833,3935
0.305274638782742,3936
0.3052703671648343,3937
0.3052660955681995,3938
0.30526182399287705,3939
0.30525755243890645,3940
0.30525328090632775,3941
0.305249009395181,3942
0.3052447379055063,3943
0.3052404664373443,3944
0.30523619499073557,3945
0.3052319235657211,3946
0.30522765216234204,3947
0.3052233807806396,3948
0.30521910942065533,3949
0.3052148380824311,3950
0.3052105667660086,3951
0.30520629547143024,3952
0.3052020241987383,3953
0.3051977529479754,3954
0.30519348171918437,3955
0.30518921051240816,3956
0.30518493932769,3957
0.3051806681650734,3958
0.30517639702460186,3959
0.30517212590631937,3960
0.30516785481027,3961
0.3051635837364981,3962
0.30515931268504787,3963
0.30515504165596435,3964
0.30515077064929236,3965
0.3051464996650771,3966
0.3051422287033639,3967
0.3051379577641982,3968
0.305133686847626,3969
0.3051294159536931,3970
0.30512514508244587,3971
0.3051208742339306,3972
0.30511660340819413,3973
0.3051123326052832,3974
0.30510806182524486,3975
0.3051037910681264,3976
0.3050995203339756,3977
0.30509524962283974,3978
0.3050909789347671,3979
0.3050867082698057,3980
0.3050824376280041,3981
0.30507816700941054,3982
0.3050738964140742,3983
0.3050696258420439,3984
0.30506535529336887,3985
0.3050610847680986,3986
0.30505681426628306,3987
0.3050525437879717,3988
0.305048273333215,3989
0.305044002902063,3990
0.30503973249456645,3991
0.30503546211077615,3992
0.30503119175074295,3993
0.3050269214145182,3994
0.30502265110215326,3995
0.3050183808136998,3996
0.3050141105492097,3997
0.3050098403087351,3998
0.30500557009232826,3999
0.30500129990004177,4000
